title,image
【右视觉摄影】新年快乐！右视觉携手聂远 秦子越给大家送祝福了！,https://bbs.qn.img-space.com/201902/1/947448c9602b76a424da3430393540d7.jpg
少女の日记,https://bbs.qn.img-space.com/201902/1/60b899ac679af8dedac35bab1f0d69d8.jpg
EOS R人像试机,https://bbs.qn.img-space.com/201902/1/f0b13a6e3dd1e87ff0d48519a7be7bfd.jpg
暖暖的冬季,https://bbs.qn.img-space.com/201902/1/31339620c92b3d85588d9b17851796a4.jpg
夜景街拍清纯的短发小姐姐,https://bbs.qn.img-space.com/201902/1/18de1469ad6619dc7a985a9f9dcc82c9.jpg
修点照片，看看效果,https://bbs.qn.img-space.com/201901/31/294571495f14669414e1a31686098d38.jpg
ins风白色私房,https://bbs.qn.img-space.com/201901/31/b772fff8737d4fc476663873bb33c136.jpg
小性感和风拍摄,https://bbs.qn.img-space.com/201901/31/97d8906d63e3bd4838e391f522837847.jpg
那些说给树听的话,https://bbs.qn.img-space.com/201901/31/8de60ea1b9861f9854cfe6ba94b93b5b.jpg
#索尼微单1月影赛# 安又琪，日本街头随拍 ---- 幻影骑士作品,https://bbs.qn.img-space.com/201901/31/88ef1751375b9df53a4577bd35f8402c.jpg
春季新妆容,https://bbs.qn.img-space.com/201901/31/13ec6726af3dc0147d899736986d6388.jpg
永远的经典,https://bbs.qn.img-space.com/201901/31/b4de6bffbadaf86af31092c4172b1247.jpg
今天也是元气满满の少女哦,https://bbs.qn.img-space.com/201901/31/c1c29169777f56680040fbaa980aa259.jpg
你是夏日里的小美好,https://bbs.qn.img-space.com/201901/31/8765f32aab281adca03fb9e2e1c725dd.jpg
一组小私房,https://bbs.qn.img-space.com/201901/30/78fe47993906d2b4b60909f7b8c10d10.jpg
《芙蓉池》,https://bbs.qn.img-space.com/201901/30/f3060b9ed4f7c16c36281301de6bdf91.jpg
泰和园之行,https://bbs.qn.img-space.com/201901/30/585387e311b71c5056c63f492c08236a.jpg
静谧的【夜】,https://bbs.qn.img-space.com/201901/30/89de8210370770a775691fe358c26364.jpg
梦の境あいうおかき,https://bbs.qn.img-space.com/201901/30/237115a2630d983ad35ccd2e2dabe37e.jpg
【 古 韵 沉 香 】............,https://bbs.qn.img-space.com/201901/30/5aed6e29cf7ded943e86f43bb5dc1e5d.jpg
你说少年明媚如昨，怎知年少时光如梦,https://bbs.qn.img-space.com/201901/30/5ff991213512723ee98e07e1da3c31ba.jpg
属于自己的小时光-----------------------------------------25P,https://bbs.qn.img-space.com/201901/29/088eb69053cc2ef1f9a69b3ed3909cb5.jpg
《北岛》——,https://bbs.qn.img-space.com/201901/29/d3608d3aac3dea2ab4ecd1ebadd98aee.jpg
一月的阳光  和我偶尔的休息日一样， 难得而可贵,https://bbs.qn.img-space.com/201901/29/fa88cf9244242704d02ada71b46084f0.jpg
【右视觉摄影】 江若琳 小年快乐！,https://bbs.qn.img-space.com/201901/29/405c702d3a72b922abeaab38e3c30159.jpg
日系の小清新，EVEN,https://bbs.qn.img-space.com/201901/29/f7fdd42dcbb36f68700996b2fd9df6b4.jpg
#索尼微单1月影赛# 文艺小清新大理旅拍视频《送给自己一场旅行》,https://bbs.qn.img-space.com/201901/29/3dff6eaed0fded539079d8c49e96c7b5.jpg
【加菲视觉】 —— 静,https://bbs.qn.img-space.com/201901/29/7423206070be3cfa08b1f56a0a72c68e.jpg
元气·少女,https://bbs.qn.img-space.com/201901/29/2ca5e49cb4f2d77b1c5d4dcb660f2ce5.jpg
《曼珠沙华》,https://bbs.qn.img-space.com/201901/29/eb551220ce3eedb9c1d42c256e82f87b.jpg
菲菲的小清新，2019,https://bbs.qn.img-space.com/201901/29/5c68e28c3cf83b46d3af49d4abc0c17e.jpg
雅致の性感的小西服,https://bbs.qn.img-space.com/201901/28/a2f105c5891f83e5e0a50635c1ba6618.jpg
楼兰姑娘试拍,https://bbs.qn.img-space.com/201901/28/228353b3f121680311bebba1b532cd69.jpg
荒芜的年代，寂寞的日子,https://bbs.qn.img-space.com/201901/28/17ff92be5a55e8bf9d20719e517bb5bf.jpg
#索尼微单1月影赛# 彼岸花系列二,https://bbs.qn.img-space.com/201901/28/5906d3ce7b93f3b82e3766dcc0e4f3c1.jpg
《似水年华》,https://bbs.qn.img-space.com/201901/27/92fe1e091cccee3b190278246ac83f89.jpg
魅影の艳，EVEN写真。,https://bbs.qn.img-space.com/201901/27/339f753e5a1dff211b1222d7ab5268a9.jpg
周末，小清新の小性感。,https://bbs.qn.img-space.com/201901/27/4a6dd4da22bf603fbcb4cedf71c36b79.jpg
姑娘怪可爱,https://bbs.qn.img-space.com/201901/27/49faee350dbf3529b913ed60ba346261.jpg
#索尼微单1月影赛# 逆光小清新,https://bbs.qn.img-space.com/201901/25/b49dffcbf7ccdef48c95becd06b1db6a.jpg
