pshop,price,pname
方正Apple官方授权专营店,¥2265.00,Apple iPad（2018新款） 平板电脑 9.7英寸
索亚尼Apple产品专营店,¥2308.00,【年货节抢购 送好礼】2018款 Apple/苹果 iPad 9.7英寸 平板电脑
汉中星际数码有限公司,¥950.00,教育平板-10英寸-WiFi版 Lenovo TB2-X30F TAB 16GBE-CN-EDU
龙翔通讯官方旗舰店,¥2188.00,2018款Apple iPad 9.7英寸平板电脑
富银数码科技,¥3999.00,平板二合一12.2英寸平板电脑win10 WIFI 128GB PC
左辅数码科技（上海）有限公司,¥1858.00,【赠送高级皮套+防爆钢化膜】 Apple/苹果 iPad mini 4平板7.9英寸mini4迷你4平板电脑
深圳市合烁数码有限公司,¥5639.00,2018Apple iPad Pro 平板电脑 2018年新款 11英寸/12.9英寸 WLAN版/全面屏 【学生价特价】
北京安通通讯设备有限公司,¥2565.00,Apple iPad 9.7英寸 32G 全国联保
索亚尼Apple产品专营店,¥5788.00,【年货节抢购 赠好礼】2018年款 Apple iPad Pro wifi版平板电脑 11英寸/12.9英寸
左辅数码科技（上海）有限公司,¥4468.00,【赠送高级皮套+防爆钢化膜】 新款Apple苹果 iPad Pro10.5 英寸ipad pro平板电脑 Wifi/4G版
伟义丰数码产品专营店,¥2358.00,18年苹果新款 Apple iPad 9.7英寸 WIFI版平板电脑
TSM数码旗舰店,¥2288.00,"【赠壳膜,现货速发】苹果 Apple iPad 9.7英寸 2018新款 第6代 苹果平板电脑 2018新款iPad"
承易购商城,¥2499.00,2018年款 Apple iPad 平板电脑 9.7英寸（A10 芯片/Retina显示屏/Touch ID ）
深圳市合烁数码有限公司,¥2208.00,2018新款Apple iPad 平板电脑 9.7英寸 非学生价赠送保护壳 顺丰包邮 【学生价/12期免息】
富银数码科技,¥690.00,酷比魔方 iwork8旗舰版 WIFI 32GB 8英寸64位四核WIN10平板电脑
TSM数码旗舰店,¥2688.00,Apple iPad mini4 WIFI版 苹果平板电脑 苹果iPadmini4
富银数码科技,¥1499.00,Teclast/台电 X98 Plus WIFI 64GB Win10平板电脑双系统英寸现货
TSM数码旗舰店,¥1149.00,小米（MI）小米平板4/小米平板4Plus 8英寸/10英寸 智能平板电脑 小米平板电脑
龙翔通讯官方旗舰店,¥2688.00,Apple/苹果 iPad mini4 平板电脑
伟义丰数码产品专营店,¥6099.00,2018年款苹果apple ipad pro 11英寸 WiFi版平板电脑
伟义丰数码产品专营店,¥1888.00,华为平板电脑M5 8.4英寸
伟义丰数码产品专营店,¥2268.00,华为平板电脑M5 10.8英寸
安德利网上商城,¥3188.00,2018新款 Apple iPad 平板电脑 9.7英寸 128G WIFI版 金色 银色
左辅数码科技（上海）有限公司,¥5898.00,【赠送高级休眠皮套+防爆钢化膜】2018新款Apple苹果 ipad pro 平板电脑 11 英寸/12.9英寸 iPad Pro
富银数码科技,¥3999.00,平板二合 一12.2英寸平板电脑win10 WIFI 128GB PC
福建唯酷信息工程有限公司,¥3359.00,Apple iPad 平板电脑 2018年款9.7英寸128GB WLAN版 金色
方正Apple官方授权专营店,¥5950.00,Apple iPad Pro 平板电脑 2018年新款
江苏新圆梦旗舰店（官方直营）,¥2488.00,Huawei/华为M5平板 M5pro 10英寸全网通wifi安卓智能超薄 华为平板电脑 华为M5 M5平板
鹰泰金和电子通讯,¥1499.00,华为 荣耀畅玩平板2 9.6英寸平板电脑pad高通骁龙四核10安卓平板手机 LTE 4G通话版 3GB+32GB 官方标配
TSM数码旗舰店,¥1888.00,华为平板 M5 8.4英寸/10.8英寸 全网通wifi安卓智能超薄 华为平板电脑 华为平板M5
安德利网上商城,¥2099.00,华为(HUAWEI)M3 8.0英寸平板电脑(2K高清屏 麒麟950 哈曼卡顿音效 4G/64G WiFi)日晖金
啟韬Apple产品旗舰店,¥2398.00,Apple iPad 32G 平板电脑 2018年款9.7英寸
富银数码科技,¥500.00,新品上市 罗技G502HERO主宰者 有线电竞游戏机械鼠标背光宏编程绝地求生吃鸡LOL台式电脑笔记本通用男女生
富银数码科技,¥35.00,闪迪u盘usb3.0优盘16g/32g/64g/128g/256g/ cz48商务加密U盘只换不修 五年质保
富银数码科技,¥30.00,爱国者Q21鼠标有线 静音无声USB电脑办公笔记本台式商务家用网吧lol男女生cf通用光电鼠标 吃鸡电竞游戏鼠标
江苏新圆梦旗舰店（官方直营）,¥30.00,戴尔MS116有线光电鼠标 笔记本鼠标 女生鼠标 办公鼠标
厘米电子科技,¥50.00,iMICE X8 噬魂猎手6键游戏鼠标 电脑CF/LOL电竞有线发光鼠标
石森电商旗舰店,¥199.00,Razer/雷蛇 太攀皇蛇3500钻石星辰版有线电竞游戏鼠标吃鸡宏lol编程
石森电商旗舰店,¥99.00,罗技/Logitech M220静音无线鼠标光电鼠标便携笔记本苹果台式电脑办公家用
小米之家店,¥99.00,小米 小米便携鼠标 无线蓝牙4.0
济宁品瑞商贸有限公司,¥50.00,济宁品瑞 Rapoo/雷柏N1162有线鼠标 USB鼠标 办公鼠标 鼠标
中海商贸有限公司,¥49.90,罗技（Logitech）无线鼠标 M170/M171 灰色 台式电脑鼠标 笔记本电脑鼠标
济宁品瑞商贸有限公司,¥51.00,Rapoo/雷柏N1162有线鼠标 USB鼠标 办公鼠标 鼠标包邮
图鼎数码旗舰店,¥79.00,罗技 M275无线鼠标
雷柏旗舰店,¥39.00,雷柏1680无线鼠标商务办公台式电脑笔记本游戏无线静音鼠标省电家用男生女生
图鼎数码旗舰店,¥169.00,罗技（Logitech）G102 游戏鼠标 RGB鼠标 黑色
龙翔通讯官方旗舰店,¥98.00,小米无线鼠标蓝牙 笔记本台式电脑办公家用便携游戏鼠标 小米鼠标 配件类
逸豆生活馆,¥269.00,罗技高速追踪游戏鼠标G402
安徽咪鼠科技有限公司,¥299.00,咪鼠智能鼠标语音鼠标（MiMouse M1）电脑智能声控语音打字台式鼠标有线办公 语音上网+语音打字
厘米电子科技,¥36.00,闪迪USB3.0高速 CZ48-16G 加密u盘 读速100M 推拉优盘
厘米电子科技,¥39.00,闪迪CZ50酷刃32G升级款CZ61酷皓U盘 16G 64G 128G优盘
厘米电子科技,¥55.00,闪迪 SDDD3手机U盘16G 32G 64G高速USB3.0安卓OTG优盘两用
厘米电子科技,¥79.00,Sandisk/闪迪 32g金属u盘 酷铄CZ73 高速USB3.0 车载加密U盘
厘米电子科技,¥79.00,闪迪 SDDDC2手机Type-C优盘6/32/64G高速OTG U盘
厘米电子科技,¥50.00,Sandisk/闪迪 16g金属u盘 酷铄CZ73 高速USB3.0 车载加密U盘
牛途商城,¥50.00,闪迪u盘32g 迷你优盘32g 创意移动迷你汽车车载电脑两用32gu盘 小巧学生办公个性闪存盘 生活用品
厘米电子科技,¥98.00,Sandisk/闪迪 64/128g金属u盘 酷铄CZ73 高速USB3.0 车载加密U盘
三门峡腾讯电子科技有限公司,¥149.00,闪迪酷晶USB闪存盘 CZ71 32G U盘高速金属创意加密优盘
厘米电子科技,¥79.00,闪迪USB3.0高速 CZ48 32G 加密u盘 读速100M 推拉优盘
厘米电子科技,¥249.00,Sandisk/闪迪 欣享iPhone苹果手机U盘64/128G USB3.0两用优盘
图鼎数码旗舰店,¥279.00,闪迪（SanDisk）128G 欣享苹果手机U盘 MFI认证 iPhone U盘
世纪新岛联想专卖店,¥59.00,爱国者u盘32g U335 USB3.0 32G U盘 高速商务金属优盘 U盘32G
清华商贸,¥100.00,忆捷 CU10 手机电脑两用U盘 32g Type-C 3.1双接口USB3.0
鸿顺数码 品质保证,¥79.90,三星 Bar 32GB U盘 USB3.0读130M/s 金属银
汇美旗舰店,¥45.00,包邮鼠标无线可充电静音无声省电苹果笔记本台式电脑无线鼠标
图鼎数码旗舰店,¥239.00,罗技Logitech G402 高速追踪游戏鼠标
南京睿萌熙电子商务有限公司,¥139.00,罗技M336蓝牙无线鼠标 商务办公电脑笔记本WIN7/8 MAC
浙江绿森信息科技官方卖场,¥79.00,Xiaomi/小米 小米无线鼠标蓝牙笔记本台式电脑办公家用便携游戏鼠标
图鼎数码旗舰店,¥169.00,罗技Logitech G302 电竞游戏鼠标
山东三业集团有限公司,¥30.00,【机械战警】狼技系列M13炫彩发光办公游戏鼠标电竞鼠标USB有线鼠标
安徽咪鼠科技有限公司,¥149.00,咪鼠科技 MiMouse GM 金属机械游戏鼠标 吃鸡鼠标 绝地求生压枪宏鼠标
世纪新岛联想专卖店,¥109.00,联想小新Air无线鼠标 WiFi蓝牙双模式 蓝牙鼠标 蓝牙无线鼠标 便携办公台式机笔记本鼠标
依依名品生活馆,¥199.00,Razer雷蛇炼狱蝰蛇精英守望先锋有线游戏鼠标吃鸡编程RGB绝地求生
富银数码科技,¥99.90,大游戏鼠标有线宏编程usb台式电脑办公电竞cf机械LOL加重发光速
富银数码科技,¥560.00,英雄联盟版 罗技G502HERO有线电竞游戏机械鼠标背光宏编程守望先锋绝地求生吃鸡LOL台式电脑笔记本通用男女生
济宁品瑞商贸有限公司,¥51.00,Rapoo/雷柏N1162有线鼠标 USB鼠标 办公鼠标 鼠标
世纪新岛联想专卖店,¥19.00,【可爱小鼠标】M20联想有线鼠标笔记本台式家用办公电脑通用小光电鼠标
图鼎数码旗舰店,¥42.00,雷柏M216 2.4无线鼠标
富银数码科技,¥50.00,暗骑士无线键盘鼠标套装笔记本台式电脑键鼠家用办公游戏
戴尔官方旗舰店（分期店）,¥15999.00,外星人 Alienware Aurora R7 -R3838S水冷吃鸡游戏台式电脑主机
富银数码科技,¥4999.00,Lenovo/联想 小新 经典版300 第六代i7笔记本电脑 游戏本手提电脑
联想自营官方旗舰店,¥5499.00,拯救者Y7000电脑(i5-8300H/8G内存/512G SSD/GTX1050 2G显卡)黑色81FW000PCD
图鼎数码旗舰店,¥99.00,闪迪 酷铄(CZ73) USB3.0 金属U盘 64GB
羽曦科技,¥34.90,金士顿U盘16g u盘 高速USB3.0 DT100 G3 16G U盘16g 商务优盘
图鼎数码旗舰店,¥59.00,闪迪 至尊高速酷豆（CZ430）USB3.1 U盘 32GB
厘米电子科技,¥49.00,闪迪 CZ430至尊酷豆USB3.1优盘16G 32G 64G 128G加密U盘
厘米电子科技,¥39.00,闪迪 CZ33酷豆U盘8G 16G 32G 64G车载加密优盘
图鼎数码旗舰店,¥69.90,闪迪SanDisk酷铄CZ73USB3.0金属U盘32GB
新代码旗舰店,¥69.00,台电（Teclast）U盘 USB3.1金属防水 迷你高速车载U盘 32G
图鼎数码旗舰店,¥59.00,闪迪SanDisk至尊高速酷捷SDDD3 OTG USB3.0安卓手机优盘 32GB
图鼎数码旗舰店,¥149.90,闪迪(SanDisk)至尊高速Type-C 64GB USB 3.1双接口OTG 优盘
深圳市语茜商贸有限公司,¥59.00,语茜 手机U盘金属电脑两用 otg功能16g迷你优盘16G
山东三业集团有限公司,¥49.90,金士顿（Kingston）DT 100G3 16GB USB3.0 U盘 黑色
图鼎数码旗舰店,¥49.00,闪迪（SanDisk）酷铄(CZ73) USB3.0 金属U盘 16GB
图鼎数码旗舰店,¥65.90,闪迪（SanDisk）至尊高速（CZ48） 32GB USB3.0 优盘
富银数码科技,¥4999.00,家用办公游戏娱乐一体机电脑Dell/戴尔 I3455-2448W
联想自营官方旗舰店,¥5499.00,拯救者Y7000电脑(i5-8300H/8G内存/512G SSD/GTX1050 2G显卡)黑色81FW000PCD
重庆瞻视科技有限公司,¥59.00,雷柏M100多模式无线便携MAC笔记本办公静音家用蓝牙无限鼠标4.0
图鼎数码旗舰店,¥99.00,罗技（Logitech）M330 无线静音鼠标
龙翔通讯官方旗舰店,¥168.00,小米小爱音箱mini 智能音箱 听音乐语音遥控家电 人工智能音箱
富银数码科技,¥500.00,新品上市 罗技G502HERO主宰者 有线电竞游戏机械鼠标背光宏编程绝地求生吃鸡LOL台式电脑笔记本通用男女生
清华商贸,¥38.00,独到 Y3 音箱 插卡收音机LED灯蓝牙迷随身你便携音响
富银数码科技,¥30.00,爱国者Q21鼠标有线 静音无声USB电脑办公笔记本台式商务家用网吧lol男女生cf通用光电鼠标 吃鸡电竞游戏鼠标
富银数码科技,¥100.00,第一卫E8无线蓝牙音箱迷你小音响钢炮手机超重低音炮户外随身便携车载家用桌面电脑抖音3D智能k歌专用新款底
江苏新圆梦旗舰店（官方直营）,¥30.00,戴尔MS116有线光电鼠标 笔记本鼠标 女生鼠标 办公鼠标
厘米电子科技,¥50.00,iMICE X8 噬魂猎手6键游戏鼠标 电脑CF/LOL电竞有线发光鼠标
图鼎数码旗舰店,¥379.00,东芝V9移动硬盘 高端系列 2.5英寸 （USB3.0）1TB
图鼎数码旗舰店,¥569.00,闪迪(SanDisk) 加强版 480G 固态硬盘
福建通古商贸有限公司,¥80.00,科凌 A5无线蓝牙音箱手机迷你随身音响插卡便携式车载低音小钢炮
福建通古商贸有限公司,¥109.00,科凌 A8手机无线蓝牙音箱车载迷你音响小钢炮便携式插卡重低音炮
上海三野文化传播有限公司,¥249.00,JBL GO2升级版音乐金砖二代无线蓝牙音箱户外便携迷你小音响低音
小米之家店,¥185.00,小米（MI）小爱音箱mini 智能音箱
戴尔官方旗舰店（分期店）,¥32999.00,外星人 Alienware ALW Aurora R8 RTX20系 全新独显游戏台式电脑主机4968: i9-9900K/RTX2080Ti
戴尔官方旗舰店（分期店）,¥28888.00,外星人 Alienware ALW Aurora R8 RTX20系全新独显游戏台式电脑主机 8088: i7-8086K/RTX2080Ti
陕西金美格商贸有限责任公司,¥4499.00,联想扬天M2601C商用台式机
戴尔官方旗舰店（分期店）,¥13899.00,外星人Alienware Aurora R7-3749八代六核i7-8700 RX580X独显水冷吃鸡游戏台式主机 赠外星人25英寸专业电竞显示器
武汉恒运祥商贸有限公司,¥3969.00,联想台式机电脑 扬天R4900D I3 4G 500G1G独显 19LCD
江苏辰梵电子科技有限公司,¥2450.00,联想台式机 家悦H515 E1-2500 2G 500G 集成显卡 20英寸
南阳市瑞科电子技术有限公司,¥4650.00,扬天T4900D（i5 3470/4GB/1T)台式机
南阳市瑞科电子技术有限公司,¥3480.00,联想扬天M4632D（2GB/500G)
南阳市瑞科电子技术有限公司,¥3149.00,启天B4360-B003
南阳市瑞科电子技术有限公司,¥3300.00,联想T4900D（i3 3220/2GB/500G)台式机
南阳市瑞科电子技术有限公司,¥2860.00,扬天A4600t-10台式机
南阳市瑞科电子技术有限公司,¥3399.00,启天M4360（G2030/2GB/500G)
南阳市瑞科电子技术有限公司,¥2600.00,启天M5710(E1-1200)
南阳市瑞科电子技术有限公司,¥3860.00,启天M4350(i3 3240/2GB/500G)
富银数码科技,¥4966.00,Lenovo/联想 小新 310-14ISK 酷睿i7固态128G独显商务笔记本电脑
富银数码科技,¥4999.00,QRTECH 麦本本 锋麦S GTX960M独显i5游戏本 15英寸手提笔记本电脑
富银数码科技,¥3500.00,Lenovo/联想 S41-35 A4-7210 四核 独显 超薄笔记本电脑
江苏新圆梦旗舰店（官方直营）,¥10000.00,本产品为现场020商品，线上购买线下发货，其他客户下单不发货Lenovo/联想 YOGA 5 Pro YOGA910-13IKB超极本超薄便携笔记本
富银数码科技,¥2999.00,QRTECH 麦本本 小麦2S 独显游戏本 15英寸i5超薄笔记本 手提电脑
富银数码科技,¥4999.00,Lenovo/联想 拯救者固态硬盘搭配GTX1050显卡 超高性价比笔记本手提电脑15.6英寸
富银数码科技,¥2999.00,QRTECH 麦本本 小麦2S 独显游戏 本 15英寸i5超薄笔记本 手提电脑
天创 笔记本专卖,¥8999.00,东芝U920超级本、平板二合一
云南卓腾科技有限公司,¥6999.00,ThinkPad笔记本 S3 YOGA-20DM000RCD（陨石银）
云南卓腾科技有限公司,¥9999.00,ThinkPad笔记本 X1 NewCarbon-20A7A04ACD
云南卓腾科技有限公司,¥7199.00,ThinkPad笔记本 X240s-20AJA05WCD
江苏辰梵电子科技有限公司,¥4099.00,Lenovo/联想 Flex14 A4-5000 4G 500G 2G独显 超级本 十点触控 翻转
江苏辰梵电子科技有限公司,¥3899.00,Lenovo/联想 Flex14 E2-3800 4G 500G 2G独显 超级本 十点触控 翻转
江苏辰梵电子科技有限公司,¥7099.00,Lenovo/联想 Yoga2 pro13 I5-4200 4G 500G 超级本 十点触控 翻转
联想自营官方旗舰店,¥6299.00,拯救者Y7000电脑(i5-8300H/8G内存/512G SSD/GTX1050Ti 4G显卡/72%NTSC)黑色81FW000SCD
联想自营官方旗舰店,¥6599.00,拯救者Y7000P电脑(i5-8300H/8G内存/512G SSD/GTX1050Ti 4G/144Hz/72%NTSC)黑色81HC0009CD
联想自营官方旗舰店,¥6999.00,拯救者Y7000电脑(i7-8750H/8G内存/512G SSD/GTX1050Ti 4G显卡/72%NTSC)黑色81FW000UCD
富银数码科技,¥5000.00,Lenovo/联想 笔记本电脑第七代 全新第七代i7 2G独显
联想自营官方旗舰店,¥8099.00,拯救者Y7000电脑(i7-8750H/8G内存/512G SSD/GTX1060 6G/72%NTSC)黑色81LC0004CD
联想自营官方旗舰店,¥7599.00,拯救者Y7000P电脑(i5-8300H/8G内存/512G SSD/GTX1060 6G显卡/144Hz)黑色81LE0005CD
富银数码科技,¥5000.00,HP/惠普 笔记本电脑 第八代 全新处理器 2G独显
联想自营官方旗舰店,¥4099.00,联想ideapad330C电脑(I5-8250U/4G内存/1T HDD+128G SSD/2GB显卡/15.6英寸)黑色81J60001CD
陕西金美格商贸有限责任公司,¥890.00,联想YOGA平板 3 8英寸 WiFi版
富银数码科技,¥4850.00,HP/惠普 HP 15 ac-651tx笔记本电脑i5游戏本超薄手提电脑15.6英寸240G 固态 2Gddr5独显
富银数码科技,¥4899.00,HP/惠普 HP15 -ac601TX 15.6英寸高分屏i7 2G独显游戏笔记本电脑
富银数码科技,¥5000.00,HP/惠普 笔记本电脑 第八代 全新处理器 2G独显 256G固态
富银数码科技,¥4999.00,HP/惠普14英寸八代i5独显 轻薄便携商务办公学生手提笔记本电脑女
富银数码科技,¥4899.00,HP/惠普 HP15 -ac601TX 15.6英寸高分屏i7 2 G独显游戏笔记本电脑
亿涵数码旗舰店,¥95.00,金士顿32G u盘 DT50 USB3.1高速优盘 金属车载U盘32g
富银数码科技,¥169.00,苹果手机u盘32g 苹果MFi认证iPhone6/ipad两用U盘 扩展苹果内存
图鼎数码旗舰店,¥99.00,闪迪（SanDisk）至尊高速（CZ48） 64GB USB3.0 优盘
TSM数码旗舰店,¥199.00,小米（MI）小米米兔智能故事机 儿童早教机Wifi 微信远程互动 米兔智能故事机 小米学习机 小米故事机 小米早教机 小米智能故事机
富银数码科技,¥4999.00,攀升兄弟 AOC四核i5/GTX950独显游戏一体机电脑台式组装机整机
富银数码科技,¥4999.00,27寸i7超薄办公家用游戏台式整机主机
科硕网络,¥4350.00,联想（Lenovo） AIO 520-22 新款致美一体机电脑四核八代家用办公窄边框 银色 I3-8100T 4G 128G 核显 21.5
德富通（天津）商贸有限公司,¥9888.00,苹果iMac 一台机
戴尔官方旗舰店（分期店）,¥2699.00,戴尔DELL灵越3000系列3275-1608B21.5英寸微边框高清一体机台式电脑A6-9225/4G/1T(按按压摄像头 3年上门保修）
苏州奥卡购物广场,¥10699.00,Apple iMac 21.5英寸一体机 4K 银色 2017 Core i5 QC RP560 8GB+1TB FD MNE02CH/A
济南正渠商贸有限公司,¥3430.00,联想一体机/台式机电脑Lenovo/联想C340-飞悦型(黑色)
济南正渠商贸有限公司,¥3398.00,C560升级联想一体机电脑C5030 3558U 4G 1T 2G独显 2G独显 23寸
济南秦汉商贸有限公司,¥3999.00,联想一体机电脑C5030台式机i3-4030U 4G内存1T硬盘2G独显 黑白色
济南秦汉商贸有限公司,¥3099.00,联想台式机电脑F5055 SX2 250 1G独立显卡 家用办公整机 20LED
济南秦汉商贸有限公司,¥5799.00,联想B5040 I5-4460/8G/1T/2G 23LED
济南秦汉商贸有限公司,¥3999.00,联想C5030(I3-4005/4G/1T/2G独显/Rambo/23寸)黑色
江苏虹翔电子有限公司,¥1999.00,长城电脑 一体机 嘉翔G1610
山东钰都通讯科技有限公司,¥7788.00,2015新款Apple/苹果 MacBook Air 11英寸笔记本电脑
山东钰都通讯科技有限公司,¥7988.00,现货APPLE/苹果 ME086CH/A 21.5寸台式一体机新款电脑iMac086
联想自营官方旗舰店,¥6299.00,拯救者Y7000电脑(i5-8300H/8G内存/512G SSD/GTX1050Ti 4G显卡/72%NTSC)黑色81FW000SCD
联想自营官方旗舰店,¥6599.00,拯救者Y7000P电脑(i5-8300H/8G内存/512G SSD/GTX1050Ti 4G/144Hz/72%NTSC)黑色81HC0009CD
联想自营官方旗舰店,¥6999.00,拯救者Y7000电脑(i7-8750H/8G内存/512G SSD/GTX1050Ti 4G显卡/72%NTSC)黑色81FW000UCD
富银数码科技,¥5000.00,Lenovo/联想 笔记本电脑第七代 全新第七代i7 2G独显
联想自营官方旗舰店,¥8099.00,拯救者Y7000电脑(i7-8750H/8G内存/512G SSD/GTX1060 6G/72%NTSC)黑色81LC0004CD
联想自营官方旗舰店,¥7599.00,拯救者Y7000P电脑(i5-8300H/8G内存/512G SSD/GTX1060 6G显卡/144Hz)黑色81LE0005CD
富银数码科技,¥5000.00,HP/惠普 笔记本电脑 第八代 全新处理器 2G独显
方正Apple官方授权专营店,¥2265.00,Apple iPad（2018新款） 平板电脑 9.7英寸
陕西金美格商贸有限责任公司,¥1.00,运费补差
联想自营官方旗舰店,¥4099.00,联想ideapad330C电脑(I5-8250U/4G内存/1T HDD+128G SSD/2GB显卡/15.6英寸)黑色81J60001CD
索亚尼Apple产品专营店,¥2308.00,【年货节抢购 送好礼】2018款 Apple/苹果 iPad 9.7英寸 平板电脑
汉中星际数码有限公司,¥950.00,教育平板-10英寸-WiFi版 Lenovo TB2-X30F TAB 16GBE-CN-EDU
陕西金美格商贸有限责任公司,¥890.00,联想YOGA平板 3 8英寸 WiFi版
富银数码科技,¥4999.00,Lenovo/联想 小新 经典版300 第六代i7笔记本电脑 游戏本手提电脑
石森电商旗舰店,¥35.00,倍思 新款 G9手游吃鸡神器 苹果安卓游戏手柄机械按键吃鸡辅助器
福建通古商贸有限公司,¥159.00,华为honor/荣耀 小天鹅蓝牙音箱迷你手机音响低音炮便携音箱AM08
图鼎数码旗舰店,¥239.00,闪迪（SanDisk）加强版 120G 固态硬盘
图鼎数码旗舰店,¥558.00,西部数据(WD)2TB USB3.0移动硬盘Elements 新元素系列2.5英寸
石森电商旗舰店,¥199.00,Razer/雷蛇 太攀皇蛇3500钻石星辰版有线电竞游戏鼠标吃鸡宏lol编程
富银数码科技,¥1199.00,包邮 罗技G910有线游戏机械键盘电竞专业编程背光游戏键盘
石森电商旗舰店,¥99.00,罗技/Logitech M220静音无线鼠标光电鼠标便携笔记本苹果台式电脑办公家用
清华商贸,¥30.00,独到 DT-223 绕耳式 线控耳机 重低音 跑步防落 运动耳机
小米之家店,¥99.00,小米 小米便携鼠标 无线蓝牙4.0
富银数码科技,¥50.00,清华同方有线键盘鼠标套装 台式笔记本键鼠 游戏家用防水电 脑键盘
图鼎数码旗舰店,¥389.00,西部数据(WD)1TB USB3.0移动硬盘Elements 新元素系列2.5英寸
南阳市瑞科电子技术有限公司,¥3880.00,联想扬天T4960d台式机
南阳市瑞科电子技术有限公司,¥3760.00,联想启天M4390(i3 2130/集成）台式机
南阳市瑞科电子技术有限公司,¥4630.00,联想启天M6400（i5 3470/4GB/500G)台式机
南阳市瑞科电子技术有限公司,¥3560.00,联想扬天M6600d（2030/4G/1T)台式机
南阳市瑞科电子技术有限公司,¥2860.00,联想扬天M3310d（E1-1200/2G/500G)
南阳市瑞科电子技术有限公司,¥3850.00,联想扬天T4940（i3 3240/2G/500G)
濮阳大盛电子科技有限公司,¥3100.00,联想扬天台式整机M2610 G1610 黑色
鄂托克旗盛世联创商贸有限责任公司,¥3899.00,宏基台式电脑Mc605黑色
鄂托克旗盛世联创商贸有限责任公司,¥4099.00,宏基台式电脑AXC100-3A黑色
鄂托克旗盛世联创商贸有限责任公司,¥3799.00,宏基台式一体机AZC605-4黑色
濮阳大盛电子科技有限公司,¥3399.00,联想 扬天M4630 台式整机 黑色
十堰金智恒科技发展有限公司,¥6800.00,惠普EliteDesk 800 G1（E1Z93UT）
重庆市彦哲科技发展有限公司,¥3599.00,联想(Lenovo) G5050 台式电脑 21.5英寸液晶（G1820 4G500G 独显）
重庆市彦哲科技发展有限公司,¥3099.00,联想G5005台式整机 E261104G50D-81（C）炫酷黑
重庆市彦哲科技发展有限公司,¥5099.00,联想（Lenovo）Erazer X310 台式主机（i5-4460 8G 1T 2G独显 Rambo Win8.1）
星城朝阳数码,¥8499.00,ThinkPad X1 Carbon (20FBA00DCD) 14英寸超极笔记本电脑
富银数码科技,¥5299.00,Lenovo/联想 小新 700-15isk旗舰版I5/8G/1T游戏笔记本电脑
星城朝阳数码,¥5399.00,联想(Lenovo)小新Air13 Pro 13.3英寸14.8mm超轻薄笔记本电脑（i5 4G 256G PCIE SSD 940MX 2G FHD
武汉市新九信息技术工程有限公司,¥5999.00,Ideapad320S-14笔记本
星城朝阳数码,¥5999.00,联想 YOGA710 14.0英寸I5-7200U/4G/256G固态/2G独显金色/银色
武汉市新九信息技术工程有限公司,¥7599.00,联想YOGA720-13笔记本电脑
江苏欧意通旗舰店,¥4799.00,Dell/戴尔 成就Vostro 14-V5468-1605 酷睿I5 7代处理器 256G固态开机9秒钟 戴尔笔记本 戴尔电脑 笔记本 笔记本电脑
武汉市新九信息技术工程有限公司,¥6299.00,联想YOGA 710-14笔记本电脑
江苏辰梵电子科技有限公司,¥5299.00,Lenovo/联想 Flex14 I5-4200 4G 500G 2G独显 超级本 十点触控 翻转
江苏欧意通旗舰店,¥5699.00,Dell/戴尔 灵越15(7560) Ins15-1605S 燃7000 戴尔笔记本 256G固态 笔记本 笔记本电脑 戴尔电脑 电脑
江苏欧意通旗舰店,¥5299.00,Dell/戴尔 灵越15(7560) Ins15-1525燃7000 超轻薄游戏本 笔记本电脑 戴尔电脑 笔记本 戴尔
天创 笔记本专卖,¥3398.00,东芝笔记本C40-AT27W1
江苏辰梵电子科技有限公司,¥5199.00,Lenovo/联想 Flex14 I5-4200 4G 500G 2G独显 大黄蜂 超级本 十点触控 翻转
天创 笔记本专卖,¥4199.00,三星（Samsung）905S3K系列 13.3英寸防眩光屏 超极本电脑 四核高分屏
山东新海软件股份有限公司,¥12999.00,戴尔（DELL） XPS14R-4618 14英寸超极本 （i5-3337U 4G内存 500G+32G固态 GT630M 1G独显 蓝牙 Win8）
济南众义经贸有限公司,¥3359.00,Lenovo/联想 小新 air 12.2超薄轻薄便携学生商务手提笔记本电脑
科硕网络,¥4699.00,联想（Lenovo） V310-15 15.6英寸(i5-7200U 4G 128G+500G)商用办公笔记本电脑
富银数码科技,¥3599.00,HP/惠普 HP 15-ac195TX 酷睿i5独显游戏本笔记本电脑超薄15.6英寸
戴尔官方旗舰店（分期店）,¥4799.00,戴尔 DELL 灵越5000 增强版全新八代i5四核PCIe固态14英寸三边微框轻薄笔记本电脑5488-1505
富银数码科技,¥4999.00,HP/惠普 pavvilion 15 ab525tx i5 GT 940M 15.6英寸游戏笔记本电脑
红星科技品牌授权店,¥4999.00,Lenovo/联想 小新 潮7000 15 2018款笔记本电脑轻薄便携本(A6/2G独显/4G/2T大硬盘可选/15.6英寸全高清IPS屏)
富银数码科技,¥3599.00,HP/惠普 HP 15-ac195TX 酷睿i5独显游戏本笔记本电脑超薄 15.6英寸
戴尔官方旗舰店（分期店）,¥5099.00,戴尔DELL灵越5488-1625增强版八代i5四核PCIe固态14英寸轻薄微框笔记本 免费升级2至年电池保修服务 购机并好评赠戴尔无线鼠标WM126
TSM数码旗舰店,¥6388.00,苹果2017款 Apple MacBook Air 13.3英寸苹果笔记本电脑
戴尔官方旗舰店（分期店）,¥5799.00,戴尔DELL灵越5000增强版全新八代i7四核PCIe固态独显14英寸三边微框轻薄笔记本电脑5488-1725 i7-8565U/8GB/256GB
富银数码科技,¥3450.00,Lenovo/联想 MIIX 四核平板电脑二合一笔记本10.1英寸Win10学习办公娱乐pc轻薄便携笔记本电脑
戴尔官方旗舰店（分期店）,¥15999.00,外星人 Alienware R5 ALW17 17.3英寸八代标压高清独显双硬盘游戏笔记本电脑 3738银
石八砬善融旗舰店,¥9947.00,银河舰队HP/惠普 PAVILION 15-bc011TX游戏笔记本电脑暗影精灵2代
戴尔官方旗舰店（分期店）,¥9999.00,戴尔DELL 外星人 Alienware R4 15.6英寸八代标压高清独显双硬盘吃鸡游戏笔记本电脑 3508 银
浙江绿森信息集团官方店,¥159.00,小米 米兔故事机mini
北京华睿博望科技有限公司,¥2699.00,科大讯飞阿尔法大蛋陪伴学习阿尔法大蛋人工智能机器人全程语音交互
TSM数码旗舰店,¥349.00,小米（MI）小米米兔卡片学习机 智能故事机 刷卡互动 主动学习 游戏互动 小米学习机 小米智能故事机 小米故事机
玖融分期购,¥525.00,文曲星E1000S电脑电子词典英语学习机牛津辞典郎文英汉翻译机包邮
玖融分期购,¥3330.00,快译通N600同声语音翻译器 英语扫描学习机 多国电子词典出国旅游
玖融分期购,¥399.00,快易典H5学习机 平板电脑小学生初中高中同步家教点读机电子词典
靓典商城旗舰店,¥2198.00,【4年老店】步步高家教机H9 学生平板学习电脑 小学初中高中同步学习机善融六周年
山东金紫隆智能科技有限公司,¥1680.00,E派韩语日语德语俄语法语语音翻译机同声英语翻译手机出国旅游
山东金紫隆智能科技有限公司,¥1980.00,翻译学习手机 同声语音翻译器 出国旅游 离线在线翻译 英法俄韩日包邮
青岛建信合电子商务有限公司,¥1299.00,7英寸A2高清屏家教机点读平板电脑学习机同步教学英语电子词典
北京华睿博望科技有限公司,¥499.00,网易有道翻译蛋27种语言智能语音翻译机 翻译器同声多国语言出国旅游学习
北京华睿博望科技有限公司,¥499.00,网易有道翻译蛋27种语言智能语音翻译机 翻译器同声多国语言出国旅游学习 豪华版
北京华睿博望科技有限公司,¥998.00,准儿翻译机 44国语言 人工智能翻译机器出国学习旅游同声中英日韩泰多种语言即时翻译器翻译神器
金先琦数码配件专营,¥179.00,360儿童故事机智能可视版智能早教机儿童玩具播放机宝宝益智学习机
海口百易得贸易有限公司,¥9888.00,为游戏而生 典籍27英寸高清大屏GTX750独显一体机电脑
海口百易得贸易有限公司,¥7688.00,典籍18.5-23.6英寸 一体机电脑 英特尔酷睿I3/I5/I7四核家用办公游戏台式整机 18.5英寸/1037/4G内存
海口百易得贸易有限公司,¥8998.00,典籍 21.5英寸一体机电脑 高端酷睿i5 /4G/固态硬盘/家用办公游戏台式机
重庆市彦哲科技发展有限公司,¥4099.00,联想(Lenovo) Horizon 2e 21.5寸智能桌面一体机（3558U 4G 500G 1G Win8）
潜江瑞拓电脑有限公司,¥20000.00,Lenovo/联想 天S850 24英寸触摸屏幕一体电脑 （i7-4790 16G内存 1T+128G固态 2G独显）黑色官方标配
天创 笔记本专卖,¥4099.00,Acer/宏基 AZ5770 G2020/4G/500G/NV605 1G/无线/蓝牙/23寸一体机
天创 笔记本专卖,¥4099.00,Acer/宏基 AZ5770 G2020/4G/500G/NV605 1G/无线/蓝牙/23寸一体机
超人电脑,¥5600.00,B545
超人电脑,¥6500.00,B540
超人电脑,¥6500.00,S714
南阳市瑞科电子技术有限公司,¥2820.00,联想C240（2G/500G)一体机
南阳市瑞科电子技术有限公司,¥4830.00,联想S710-40（4G/1T）一体机
南阳市瑞科电子技术有限公司,¥5480.00,联想S565(G2020 4G/1T)一体机
南阳市瑞科电子技术有限公司,¥5380.00,联想S560-00 G16202G500R(D)一体机
南阳市瑞科电子技术有限公司,¥4680.00,联想S590-00 G2030 2G 1TR(W864)
富银数码科技,¥4850.00,HP/惠普 HP 15 ac-651tx笔记本电脑i5游戏本超薄手提电脑15.6英寸240G 固态 2Gddr5独显
富银数码科技,¥4999.00,家用办公游戏娱乐一体机电脑Dell/戴尔 I3455-2448W
富银数码科技,¥4999.00,攀升兄弟 AOC四核i5/GTX950独显游戏一体机电脑台式组装机整机
富银数码科技,¥4899.00,HP/惠普 HP15 -ac601TX 15.6英寸高分屏i7 2G独显游戏笔记本电脑
富银数码科技,¥5000.00,HP/惠普 笔记本电脑 第八代 全新处理器 2G独显 256G固态
富银数码科技,¥4966.00,Lenovo/联想 小新 310-14ISK 酷睿i7固态128G独显商务笔记本电脑
富银数码科技,¥4999.00,HP/惠普14英寸八代i5独显 轻薄便携商务办公学生手提笔记本电脑女
龙翔通讯官方旗舰店,¥2188.00,2018款Apple iPad 9.7英寸平板电脑
富银数码科技,¥4999.00,QRTECH 麦本本 锋麦S GTX960M独显i5游戏本 15英寸手提笔记本电脑
富银数码科技,¥3999.00,平板二合一12.2英寸平板电脑win10 WIFI 128GB PC
左辅数码科技（上海）有限公司,¥1858.00,【赠送高级皮套+防爆钢化膜】 Apple/苹果 iPad mini 4平板7.9英寸mini4迷你4平板电脑
富银数码科技,¥3500.00,Lenovo/联想 S41-35 A4-7210 四核 独显 超薄笔记本电脑
富银数码科技,¥4999.00,HP/惠普 15 k301TU 小苍本15.6英寸轻奢游戏本 i7-4750HQ锐炬显卡
深圳市合烁数码有限公司,¥5639.00,2018Apple iPad Pro 平板电脑 2018年新款 11英寸/12.9英寸 WLAN版/全面屏 【学生价特价】
莱芜玉顺斋食品有限公司,¥10.00,莱芜香肠即食口镇南肠黑风干腊肠50g*2袋山东特产猪肉肠
纽曼善融商务商城店,¥199.00,纽曼多媒体播放器—F45+ 容量8G
小米之家店,¥69.00,小米随身蓝牙音箱
龙翔通讯官方旗舰店,¥319.00,小米AI蓝牙无线音箱
华晨旗舰店,¥298.00,BOW航世 苹果手机折叠蓝牙小键盘迷你ipad/surface平板通用HB099
龙翔通讯官方旗舰店,¥79.00,小米 随身蓝牙音箱 可车载通话户外无线迷你便携小音响 小钢炮 配件类
广州雅天科技有限公司,¥39.00,雅天ARTISTE I6 手机耳机入耳式重低音手机通用男女生K歌带麦耳塞
海南昌晟联合贸易有限公司,¥45.00,追光豹G20有线usb游戏悬浮机械手感键盘鼠标套装发光键鼠套件
南京睿萌熙电子商务有限公司,¥79.00,罗技MK120 USB有线键盘鼠标套装游戏笔记本电脑键鼠套装
重庆顶高科贸有限公司,¥3350.00,联想启天M4500 M4550 B4550 双核G3220/2G/500G/DVD/COM/19.5LED
济南正渠商贸有限公司,¥3160.00,联想台式机电脑 异能者D5050 G3250 4G 1G独显 21.5显示器
麻阳新海岸电脑服务有限责任公司,¥5199.00,联想（Lenovo） Yoga2 11.6英寸触控超极本 （i3-4012Y 4G 500G 内置8G SSD 摄像头 蓝牙 Win8.1）日光橙
富银数码科技,¥4450.00,Lenovo/联想IdeaPad330 2018款笔记本电脑商务办公15.6英寸轻薄便携学生手提超薄本游戏本非小新潮7000笔记本
深圳市合烁数码有限公司,¥8369.00,【豪礼赠送/学生价】2018新款Apple MacBook Air 13.3英寸笔记本电脑 八代Core i5
富银数码科技,¥4500.00,Hasee/神舟 战神 K640E-A29D1全高清屏15.6英寸固态游 戏笔记本
北京华睿博望科技有限公司,¥499.00,科大讯飞阿尔法小蛋智能机器人儿童玩具对话阿尔法小蛋早教学习
北京华睿博望科技有限公司,¥2799.00,准儿翻译机 Pro 多国离线 15国拍译45种语言人工智能翻译器 出国商务旅游学习即时同声翻译神器
北京华睿博望科技有限公司,¥749.00,科大讯飞超能蛋 人工智能机器人早教机儿童学习机陪伴机阿尔法超能蛋语音
北京华睿博望科技有限公司,¥2688.00,科大讯飞翻译机2.0 晓译二代离线翻译机 智能语音出国旅游必备
天一优选,¥69.00,星嘉比B20(Gabbi)掌上宝贝电脑学习机
北京华睿博望科技有限公司,¥1799.00,科大讯飞晓译翻译机多国语言智能语音翻离线译神器出国旅游旅行
北京华睿博望科技有限公司,¥568.00,【双十一】科大讯飞翻译机译呗翻译神器多国语言学习机出国旅游旅行留学必备
北京华睿博望科技有限公司,¥2099.00,布丁豆豆慧读版绘本英语早教学习机器人语音教育高科技智能机器人
北京华睿博望科技有限公司,¥1699.00,布丁豆豆绿豆高配套装版对话智能机器人 英语学习视频通话早教机
深圳市赛沃德电子有限公司,¥138.00,礼品包装送亲人送爱人送朋友七夕节礼物55度智能保温碟饭菜恒温底座暖心杯子牛奶茶水自动电保温暖杯垫
北京华睿博望科技有限公司,¥2380.00,全球译翻译机G20同声翻译机智能语音声文同步5种离线翻译器
北京华睿博望科技有限公司,¥3999.00,全球译翻译机智能语音同声翻译机语言即时翻译器外语同步出国旅游必备翻译神器
北京华睿博望科技有限公司,¥649.00,【双十一】科大讯飞金龟子机器人玩具儿童陪伴学习智能语音对话高科技故事机
北京华睿博望科技有限公司,¥439.00,网易有道 词典笔电子词典 翻译笔 扫描笔 英译汉互译 智能查词
濮阳大盛电子科技有限公司,¥3399.00,联想扬天 S710-10
北京安通通讯设备有限公司,¥2565.00,Apple iPad 9.7英寸 32G 全国联保
富银数码科技,¥4899.00,HP/惠普 HP15 -ac601TX 15.6英寸高分屏i7 2 G独显游戏笔记本电脑
索亚尼Apple产品专营店,¥5788.00,【年货节抢购 赠好礼】2018年款 Apple iPad Pro wifi版平板电脑 11英寸/12.9英寸
江门市鹏中皇食品超市有限公司,¥22.00,广东腊味土特产 鹏中皇特价 广式纯肉腊肠广味农家香肠6分廋250g
豫东特产专营店,¥150.00,大用牛肉 五香味 200g*8袋
内蒙古科尔沁食品旗舰店,¥59.00,"【爱心购】
						内蒙古特产小吃 科尔沁手撕风干牛肉干250g"
内蒙古科尔沁食品旗舰店,¥38.00,科尔沁酱卤牛腱子180g 五香味酱卤牛腱零食 酱卤牛肉即食熟食
豫东特产专营店,¥280.00,牛肉 大用牛肉 金钱腱250g*8袋 五香 优质牛腱
唐山万里香熟肉制品旗舰店,¥1.00,万里香产品 邮费补拍链接 差几元拍几份
江苏康强食品有限公司,¥35.00,康强捆蹄300g零食小吃猪肉类美食卤味香肠熟食江苏淮安地方土特产
江苏康强食品有限公司,¥35.00,康强腱子肉捆蹄250g 江苏淮安土特产 零食小吃猪肉类美食香肠熟食
唐山向妈妈食品股份有限公司,¥84.00,向妈妈 麻辣鸭脖子*2鸭锁骨*2鸭翅*2 828g六盒装黑鸭货特产大礼包
内蒙古科尔沁食品旗舰店,¥50.00,"【爱心购】
						科尔沁酱卤牛腱子五香味2袋共360g 酱卤牛肉系列牛腱"
江苏康强食品有限公司,¥50.00,康强捆蹄微辣400g盒装猪肉美食真空包装香肠火腿肠江苏特产
山东省万兴食品有限公司,¥10.00,姜老大寿司姜片日本寿司料理红姜片小咸菜醋泡姜120g*2袋
王家五旗舰店,¥47.80,"【爱心购】
						王家五湘西五花腊肉咸肉腌肉传统工艺烟熏腊味湖南湘西特产500g"
唐山向妈妈食品股份有限公司,¥35.90,"【爱心购】
						向妈妈黑鸭锁鲜气调盒装麻辣鸭脖子148g鸭锁骨128g卤鸭翅138g"
新代码旗舰店,¥79.00,SAST/先科 201收音机老年人迷你广播插卡新款fm便携式播放器随身听mp3半导体可充电儿童音乐听歌听戏评书
玖融分期购,¥89.00,小肌猫 儿童早教益智玩具ipad可充电幼儿学习点读机0-3-6岁宝宝平板电脑
福州市小饼家电子商务有限公司,¥129.00,音士顿mp3播放器迷你学生随身听插卡可爱运动mp4有屏跑步外放
楚瑞电子,¥6270.00,Sony/索尼NW-ZX2 发烧级 无损mp3音乐播放器 机身自带128g大容量 高解析 高保真 大电池长续航 NFC速连 铝合金一体机 mp4播放器
纽曼善融商务商城店,¥329.00,纽曼多媒体MP4播放器—A53HD容量8G
先捷尔体育用品专卖店,¥99.00,李宁CBA比赛训练篮球水泥地室内室外弹性好耐磨PU七号
海南鼎润丰贸易有限公司,¥119.00,天猫精灵 方糖智能音箱蓝牙WiFi网络蓝牙音响
凯诗风尚家居家纺旗舰店（官方直营）,¥15.00,凯诗风尚梅兰竹菊竹炭包挂件 汽车除味车用炭包空气净化活性炭包去甲醛
北京华睿博望科技有限公司,¥1549.00,网易有道翻译王2.0pro 离线拍照 中英文翻译器
北京华睿博望科技有限公司,¥839.00,科大讯飞阿尔法蛋S版阿尔法小蛋s智能机器人儿童玩具对话早教学习
北京华睿博望科技有限公司,¥698.00,洛比小狸语音机器人儿童早教智能机器人智能云端对话早教故事机
江苏康强食品有限公司,¥110.00,康强捆蹄800g微辣礼盒肉类美食熟食香肠火腿肠江苏淮安特产
江苏康强食品有限公司,¥120.00,康强捆蹄800g盒装零食小吃猪肉美食香肠熟食卤味江苏淮安地方特产
江苏康强食品有限公司,¥120.00,康强捆蹄800g礼盒零食小吃美食猪肉香肠熟食火腿肠江苏淮安土特产
安徽老炊食品有限公司,¥29.90,老炊卤牛肉酱牛肉熟食小袋真空零食小吃 散装200g
湖南湘西吊角楼特色食品有限公司,¥39.80,吊角楼 湘西土家腊肉 五花肉 柴火烟熏腊肉 500g/袋
内蒙古科尔沁食品旗舰店,¥18.90,科尔沁麻辣牛肉105g 川香牛肉四川特产休闲零食小吃
湖北良品铺子电子商务有限公司,¥28.90,良品铺子 甜辣鸭脖190g*2袋
万三旗舰店,¥0.01,苏州（分行营业部）善融商务0.01元扫码专拍链（不发货，每人限购一件）
万三旗舰店,¥29.00,富足财旺周庄特产万三蹄礼盒 720g猪蹄380g猪手猪脚
安徽老炊食品有限公司,¥26.80,老炊五香卤牛腱熟食真空包装即食150g健身酱牛肉安徽特产酱香配方
江苏康强食品有限公司,¥25.00,康强捆蹄微辣200g零食小吃猪肉类香肠真空熟食卤味江苏淮安土特产
江苏康强食品有限公司,¥50.00,康强捆蹄原味400g盒装熟食猪肉肠美食瘦肉香肠火腿肠江苏特产
万三旗舰店,¥26.80,江南美食万三东坡肉周庄特产红烧肉猪肉类午餐肉熟食卤味真空包装
唐人神善融商务旗舰店,¥38.80,【韵味湖南】唐人神大众月季香肠500g 年货餐桌美食微甜 湖南特产
新代码旗舰店,¥59.00,锋立 收音机MP3老人迷你小音响插卡音箱便携式音乐播放器随身听
新代码旗舰店,¥49.90,Rolton/乐廷 W105收音机老年老人迷你小音响插卡小音箱新款便携式播放器随身听mp3可充电儿童音乐听戏评书 时尚版
玖融分期购,¥58.00,乐廷T3插卡音箱便携迷你小音响 老人晨练收音机 MP3播放器随身听（玖融分期购）
新代码旗舰店,¥99.00,ahma798 收音机新款便携式老人随身听迷你小音响老年插卡可充电小型广播音乐听歌机半导体播放器 【锂电池+充电线】不含卡
上海海牙湾贸易有限公司,¥249.00,飞利浦AJ3400时钟收音机 ：黑色
文陈优品,¥139.00,PANDA/熊猫 6203 充电收音机老人两波段袖珍便携式迷你插卡半导体
福马善融旗舰店,¥139.00,Efier/伊菲尔 B11便携式手提户外广场舞音箱老人晨练蓝牙收音机音箱音响
新代码旗舰店,¥288.00,Tecsun/德生 PL-380全波段半导体46四六级听力高考考试专用收音机学生老年人便携老式短波广播fm调频
新代码旗舰店,¥149.00,雅兰仕（EARISE收音机地推户外蓝牙音箱广场舞音响插卡无线低音炮u盘家用手提车载大功率小型影响
新代码旗舰店,¥59.90,Rolton/乐廷 W105收音机老年老人迷你小音响插卡小音箱新款便携式播放器随身听mp3可充电儿童音乐听戏评书 尊贵版
新代码旗舰店,¥69.90,Rolton/乐廷 T303收音机老人充电迷你小音响插卡音箱便携式半导体 标配
新代码旗舰店,¥79.90,Rolton/乐廷 T303收音机老人充电迷你小音响插卡音箱便携式半导体 4G卡套餐
A彩.非凡,¥500.00,飞利浦 AJT3300 时钟收音机 无线蓝牙音响
玖融分期购,¥120.00,SAST/先科 全波段收音机调频充电迷你插卡老人便携式半导体广播
玖融分期购,¥75.00,红灯 复古老式上海红灯牌753收音机老人台式木质仿古便携式半导体收藏
玖融分期购,¥189.00,天才少年婴幼儿童点读笔早教机0-3-6岁中英语益智玩具学习故事机
玖融分期购,¥339.00,纽曼早教点读笔 天线宝宝丁丁早教益智启蒙学习英语故事机点读机
玖融分期购,¥560.00,诺亚舟点读机NP18 点读机 小学初中 课本同步点读
玖融分期购,¥1900.00,步步高家教机 H8S学习机学前小学初高中课本同步学生点读机平板电脑
玖融分期购,¥30.00,迷你兔儿童早教故事机婴幼儿宝宝益智早教打地鼠漩戏玩具0-3岁
玖融分期购,¥207.00,国学机经典听读机早教胎教机随身听播放器小熏习机便携学习机MP3
玖融分期购,¥1424.00,汉王E典笔A10T加强版英汉扫描笔翻译笔中日英电子词典英语学习机
橙屋尚品善融旗舰店,¥1488.00,【橙屋】养正汇智国学机经典听读机
济南青创经贸有限公司,¥299.00,天才少年婴幼儿童点读笔早教机0-3-6岁中英语益智玩具学习故事机
鹰泰金和电子通讯,¥1398.00,诺亚舟（Noah） NE600 分体式儿童电脑点读机 5英寸高清大屏手写笔写早教机 蓝
鹰泰金和电子通讯,¥1198.00,读书郎（readboy）智能点读机F100 8G 4英寸wifi上网 小学中学同步学习机 幼儿童早教机故事机点读笔
鹰泰金和电子通讯,¥478.00,纽曼（Newsmy)18A蓝4G大班套餐56本书点读笔 宝宝益智玩具早教故事机学习点读机 幼教认知音乐故事
鹰泰金和电子通讯,¥188.00,纽曼（Newsmy）11A点读笔 双语早教机学习点读机 幼儿童宝宝益智礼品0-3-4-6岁亲子启蒙套装
鹰泰金和电子通讯,¥369.00,酷比熊点读笔 60本有声图书 幼儿启蒙套装 宝宝益智玩具早教故事机学习点读机(3挂图2卡)
玖融分期购,¥58.00,智慧鱼 宝宝电子早教机书 儿童中英文学习点读机婴幼儿益智有声发声玩具
图鼎数码旗舰店,¥299.00,飞利浦（PHILIPS）SA2208 飞声音效8GMP3播放器
逸豆生活馆,¥259.00,飞利浦MP3播放器SA2208 (8GB)
鹰泰金和电子通讯,¥129.00,月光宝盒 F106 mp3 mp4 无损音乐播放器 迷你学生随身听 有屏插卡录音 8G 黑色
鹰泰金和电子通讯,¥179.00,欧恩（ONN)W6 蓝牙音霸 8G 蓝牙MP3播放器 HIFI级音质无损MP3/MP4
鹰泰金和电子通讯,¥159.00,昂达 MP3MP4迷你运动跑步随身听无损音乐便携外放MP3播放器发烧HIFI听歌插卡电子书 典雅黑带外放(8G内存)
鹰泰金和电子通讯,¥599.00,索尼（SONY）可穿戴式运动防水耳机mp3播放器 WS413 4G
沈阳和泰德科技有限公司,¥499.00,索尼(SONY) 头戴式耳机一体式MP3/4防水音乐播放器 运动游泳跑步WS413 4G内存 行货
楚瑞电子,¥998.00,Sony/索尼NWZ-WS615 头戴式 支持蓝牙 NFC无线传输 MP3播放器 游泳防水 16G存储 运动型防汗水 高清 支持无损 年轻时尚多彩耳机
中海商贸有限公司,¥199.00,台电X19+/4GMP3播放器 70小时长待机
深圳市华芯飞数码有限公司,¥99.00,华芯飞 米奇MP3迷你卡通米老鼠运动跑步型可爱mp3播放器包邮
深圳市华芯飞数码有限公司,¥309.00,华芯飞头戴式MP3运动跑步mp3播放器 无线入耳式耳机
纽曼善融商务商城店,¥89.00,纽曼MP3播放器 B50-8G
纽曼善融商务商城店,¥139.00,纽曼多媒体播放器—A39
纽曼善融商务商城店,¥499.00,纽曼HIFI音乐播放器—G4
先捷尔体育用品专卖店,¥69.00,李宁儿童篮球青少年五号六号PU室内外篮球女子训练比赛球
简单生活馆,¥128.00,李宁 7号6号5号篮球女青少年儿童篮球小学生室外成人耐磨蓝球
简单生活馆,¥289.00,斯伯丁篮球NBA官方7号成人牛皮真皮手感耐磨儿童5小学生6室外
爱米分期,¥220.00,斯伯丁 篮球室内室外NBA专用耐磨7号6号5号儿童学生
先捷尔体育用品专卖店,¥99.00,李宁篮球 软皮吸湿翻毛真皮手感耐磨室内室外水泥地比赛训练篮球
先捷尔体育用品专卖店,¥139.00,李宁CBA篮球防滑耐磨 吸汗软皮水泥地7号篮球室内室外通用训练球
方灿旗舰店,¥61.00,FANGCAN 7号 篮球 FANGCAN 比赛训练软皮吸湿耐磨室内外水泥地
先捷尔体育用品专卖店,¥79.00,李宁橡胶篮球儿童5号7号橡胶比赛训练篮球
云行乐购,¥66.00,世纪曙光 加厚PVC贴皮篮球 12片 学生成人娱乐比赛用蓝球 耐磨
方灿旗舰店,¥19.00,FANGCAN 方灿 充气筒多功能 高压便携打气筒美法嘴配件篮球足球排球
聪奇体育旗舰店,¥129.00,李宁篮球韦德系列PU篮球室内外通用比赛球7号标准CBA训练用球
荣盈办公生活馆(4008298229),¥20.00,得力安格奈特打气筒 便携式打气筒 铝合金材质 球类充气筒 可充气篮球足球排球等
宜昌博采办公文体专营店,¥148.00,Spalding 斯伯丁 74-101 NBA得分后卫 位置系列 PU材质 篮球
先捷尔体育用品专卖店,¥109.00,李宁篮球 国产PU耐磨7号球 水泥地室内室外比赛用球lanqiu
清华商贸,¥50.00,独到 DT-820 车载手机充电器，2.1A一分二充电头，电压电流显示，USB快充
苏州奥卡购物广场,¥958.00,Kindle paperwhite 第四代 电子书阅读器 电纸书墨水屏 经典版 6英寸wifi黑色
逸豆生活馆,¥558.00,kindle 入门升级版6英寸电子书阅读器 wifi版
福建唯酷信息工程有限公司,¥2999.00,科大讯飞机器人 阿尔法蛋大蛋智能机器人儿童学习早教国学教育智能对话陪伴机器人
清华商贸,¥60.00,独到 DT-303A 双口充电器 1.0A和2.4A usb快速充 通用插头
福州市小饼家电子商务有限公司,¥129.00,音士顿mp3播放器迷你学生随身听插卡可爱运动mp4有屏跑步外放
逸豆数码科技生活馆,¥538.00,亚马逊 kindle 入门升级版6英寸电子书阅读器 wifi
福州市小饼家电子商务有限公司,¥149.00,音士顿 录音笔专业高清降噪微型迷你学生超小自动mp3无损播放器
杭州网易严选贸易有限公司,¥59.00,网易严选网易智造零感蓝牙耳机
鹰泰金和电子通讯,¥589.00,Kindle 6英寸护眼非反光电子墨水触控显示屏 内置wifi 4G 电子书阅读器 黑色
新代码旗舰店,¥79.00,SAST/先科 201收音机老年人迷你广播插卡新款fm便携式播放器随身听mp3半导体可充电儿童音乐听歌听戏评书
新代码旗舰店,¥59.00,锋立 收音机MP3老人迷你小音响插卡音箱便携式音乐播放器随身听
TSM数码旗舰店,¥199.00,小米（MI）小米米兔智能故事机 儿童早教机Wifi 微信远程互动 米兔智能故事机 小米学习机 小米故事机 小米早教机 小米智能故事机
奥卡购物广场,¥998.00,Kindle paperwhite 电子书阅读器 电纸书墨水屏 经典版 第四代 6英寸wifi黑色
重庆瞻视科技有限公司,¥50.00,清野之木吸附甲醛触媒活性炭2000克40小包套装新房装修去除甲醛活性炭包竹炭包
竹福健康-竹炭馆,¥13.70,碧岩胡萝卜 /辣椒型竹炭小挂包
竹福健康-竹炭馆,¥9.30,碧岩净水煮饭炭
竹福健康-竹炭馆,¥12.70,碧岩青梅/苹果竹炭小挂包
竹福健康-竹炭馆,¥4.50,碧岩竹炭小挂包
竹福健康-竹炭馆,¥12.00,碧岩快速除味剂
竹福健康-竹炭馆,¥23.50,碧岩汽车除味包
竹福健康-竹炭馆,¥15.00,碧岩竹炭冰箱包
杭州元唐贸易有限公司,¥16.00,清悦 竹炭冰箱除味包 100g*6
杭州元唐贸易有限公司,¥15.00,清悦 竹炭空气净化包500g M0112
龙南县陶陶居家庭用品制造有限公司,¥8.16,家园树-室内空气净化消除污染空气的有害气体、防潮防霉竹炭包800g
龙南县陶陶居家庭用品制造有限公司,¥5.09,家园树-汽车除味专用消除甲醛、苯、TOVC、氨等有害气体竹炭包500g
龙南县陶陶居家庭用品制造有限公司,¥8.98,家园树-房间装璜、装修家居消除有害气体、防霉防潮竹炭包 1000g/包
龙南县陶陶居家庭用品制造有限公司,¥8.98,家园树-房间除甲醛、除异味、防潮专用竹炭包 1000g
龙南县陶陶居家庭用品制造有限公司,¥5.09,家园树-家具、家居除甲醛、苯、氨等有害气体防潮防霉竹炭包（500g)
小米之家店,¥199.00,小米手环3代NFC版 智能运动|心率监测 NFC公交地铁移动支付
中粮我买网官方旗舰店,¥38.80,大洋世家两条装大黄鱼 700g 【中粮我买网】
中粮我买网官方旗舰店,¥85.00,【中粮我买网】中粮凌鲜·大洋世家青虾仁（90-110只）1kg 袋装
大洋世家旗舰店,¥99.00,大洋世家 北海道半壳扇贝1kg 日本进口精选北海道特产大扇贝
品鲜生活官方旗舰店,¥297.44,【劳防用品】新鲜即食海参500g/袋
安徽省蟹之都贸易有限公司,¥198.00,【全母蟹】白荡里枞阳大闸蟹全母2.5两8只礼盒
大智无疆4S店,¥2499.00,大疆无人机 灵眸口袋云台相机 Osmo Pocket 单机
浙江三江食品有限公司,¥15.00,福事多蜂蜜柚子茶500g 国货原装果味茶酱冲饮
福建麦德龙食品有限公司,¥70.80,萨啦咪原味大鸭舌 温州鸭舌头酱鸭舌 休闲鸭肉零食鸭舌净重205g
内蒙古科尔沁食品旗舰店,¥36.00,内蒙古科尔沁手撕牛肉100g 手撕酱卤风味牛肉干休闲零食特产原味
五芳斋善融旗舰店,¥55.00,【浙江龙支付】五芳斋卤味 250克/袋 真空包装开袋即食牛肉 风味美食 老少皆宜办公休闲美食特产 熟食
玖融分期购,¥149.00,PANDA/熊猫 T-26老年人收音机老人用全波段半导体立体声便携式
玖融分期购,¥59.00,泊菲客 T1 四六级英语听力收音机 学生四级考试FM调频校园收音机
玖融分期购,¥188.00,PANDA/熊猫 6200充电收音机老人超小型袖珍便携式迷你插卡半导体
玖融分期购,¥159.00,Goldyip/金业 复古便携式台式送老人收音机充电插卡插U盘全波段插电仿古半导体
玖融分期购,¥115.00,普西 FM充电带显示存台 迷你 收音机便携 四六级考试 校园广播
玖融分期购,¥351.00,贝灵儿童双语点读笔 宝宝早教机学习点读机幼儿0-3-6岁益智玩具
玖融分期购,¥159.00,飞利浦SBM100插卡音箱收音机迷你小音箱
福州欣益佳贸易有限公司,¥399.00,DCSS听吧(喜马拉雅)
福马善融旗舰店,¥109.00,Eifer/伊菲尔 T9小蜜蜂扩音器教师导游专用便携式腰挂教学喊话器
上海 海牙湾贸易有限公司,¥118.00,ROYQUEEN/朗琴 T350蓝牙音响登山便携迷你音箱单车户外插卡收音机
文陈优品,¥209.00,PANDA/熊猫 6215便携式蓝牙插卡充电小音箱FM迷你袖珍收音机老人
文陈优品,¥159.00,PANDA/熊猫 6210 无线蓝牙插卡音箱便携式收音机老年人锂电池迷你手机便携式免提重低音
文陈优品,¥99.00,PANDA/熊猫 T-15半导体收音机老人全波段老式fm调频广播老年人老年便携式立体声高性能台式全频家用插电式
文陈优品,¥109.00,PANDA/熊猫 T-26收音机老人全波段广播便携式调频调幅短波老年人fm半导体老式台式数字显示大收音机
橙屋尚品善融旗舰店,¥268.00,【橙屋】养正慧尔听书机经典国学机 人气
鹰泰金和电子通讯,¥798.00,步步高 点读机 T800-E 蓝色 4G 小学初中同步 词典 超高性价比触屏学习机
玖融分期购,¥2334.00,小天才早教机K1小天才儿童平板电脑学习机小学同步点读故事机K1
玖融分期购,¥298.00,小霸王儿童英语点读笔幼儿早教机学习点读机0-3-6周岁发声书国学
德百易购商城,¥2298.00,步步高儿童平板k5 8英寸 32G 魔法麦克风 点读机早教机学习机 平板电脑故事机
德百易购商城,¥2698.00,优学派UMIX1家教机学生平板电脑学习机小学初中高中同步辅导学习2K视网膜屏AI人脸识别AR同步学纤薄机身
德百易购商城,¥1898.00,优学派U16学生平板电脑学前小学初中高中同步辅导家教机学习机
德百易购商城,¥3098.00,读书郎G100A学生平板电脑直播在线答疑小初高同步教材点读机
德百易购商城,¥3498.00,步步高家教机S3学习机小学初高中点读机学生平板电脑
德百易购商城,¥2698.00,步步高家教机S1pro学习机 小学初高中课本同步点读机学生平板电脑
德百易购商城,¥1398.00,步步高点读机T2 早教幼儿童小学生初中课本同步英语学习机练字机
玖融分期购,¥88.00,猫贝乐幼儿童中英文电子书点读书有声早教宝宝学习机点读笔玩具
德百易购商城,¥2298.00,步步高家教机K5学习机护眼早教机小学同步点读小天才儿童平板电脑
德百易购商城,¥2998.00,优学派U26学生学习平板电脑学前小学初中高中课本同步辅导家教机八核处理10.1英寸屏人脸识别
德百易购商城,¥2898.00,优学派U27学习机学生平板电脑 小学初中高中课本同步辅导家教机 8核10寸护眼屏
沈阳和泰德科技有限公司,¥309.00,索尼（SONY） NWZ-B183F/RC mp3播放器 sony 红色
深圳市华芯飞数码有限公司,¥99.00,华芯飞米奇MP3迷你卡通运动跑步型可爱mp3播放器
鹰泰金和电子通讯,¥119.00,纽曼（Newsmy） B30 8G 纽曼之音mp3播放器 歌词同步 浪漫棕紫 精致小巧外观
楚瑞电子,¥578.00,Sony/索尼NW-WS413后挂式 防水防尘 海水可用 极速快充 内置4G存储MP3耳机 多彩色可选 跑步专用 高保真高解析度 年轻时尚 运动播放器
鹰泰金和电子通讯,¥569.00,爱国者（aigo）MP3-105hifi播放器高清无损发烧高音质MP3音乐便携随身听
纽曼善融商务商城店,¥199.00,纽曼运动MP3播放器—B100H
楚瑞电子,¥699.00,Sony/索尼NW-WS414后挂式 防水防尘 海水可用 极速快充 内置8G存储MP3耳机 多彩色可选 跑步专用 高保真高解析度 年轻时尚 运动播放器
鹰泰金和电子通讯,¥138.00,月光宝盒 F105 8G白色 HIFI播放器 1.8英寸彩屏MP3 运动无损高音质MP4 视频FM录音笔 带耳机
承易购商城,¥599.00,aigo爱国者MP3-105 hifi播放器高清无损发烧高音质MP3音乐便携随身听
纽曼善融商务商城店,¥169.00,纽曼mp3 A66 8G 2.5D屏
逸豆生活馆,¥299.00,飞利浦MP3播放器SA5208 (8GB)
逸豆生活馆,¥279.00,飞利浦MP3播放器SA1608 (8GB)
逸豆生活馆,¥359.00,飞利浦MP3播放器SA5608
鹰泰金和电子通讯,¥369.00,飞利浦（PHILIPS）SA2208 飞声音效8G 发烧无损迷你运动跑步MP3播放器 FM收音录音
鹰泰金和电子通讯,¥298.00,月光宝盒 MP5 5902PLUS 4.3英寸mp3播放器 MP4高清触摸屏mp4 超薄便携英语学习视频机MP5 8G白色
先捷尔体育用品专卖店,¥149.00,李宁花式迷彩篮球 2016吸湿耐磨室外水泥地蓝球lanqiu7号
云行乐购,¥49.00,世纪曙光3号儿童篮球
云行乐购,¥66.00,世纪曙光7号橡胶篮球 学校篮球学生篮球体育用品
爱米分期,¥29.00,准者 打气筒包邮加气针便携式篮球足球泳圈气球充气装备迷你套装
汇美旗舰店,¥119.00,李宁 7号6号5号篮球男女青少年儿童篮球室内室外防滑耐磨蓝球
先捷尔体育用品专卖店,¥109.00,李宁篮球学生7号篮球翻毛皮真皮手感 吸湿颗粒耐磨室内外通用
先捷尔体育用品专卖店,¥99.00,李宁篮球室内室外水泥地防滑耐磨PU七号篮球053
荣盈办公生活馆(4008298229),¥100.00,deli得力安格耐特篮球 PU吸汗7号标准耐磨运动训练比赛篮球F1120
北京正辉宏业商贸有限公司,¥238.00,现货促销Star世达 高级ZK超纤粘手比赛用室内外7号篮球BB337
奥特旗舰店,¥138.00,奥特篮球 五号 PU合成皮革(室内外用)耐磨水泥地
宜昌博采办公文体专营店,¥300.00,斯伯丁(SPALDING) 篮球 掌控PU篮球74-108
宜昌博采办公文体专营店,¥110.00,红双喜/DHS PU篮球 FB004 标准7#球
宜昌博采办公文体专营店,¥120.00,star世达PU耐磨5号无缝粘结足球 SB4115
宜昌博采办公文体专营店,¥110.00,世达（STAR）耐磨PU 比赛训练 足球 SB5385C-05 绿色款
泉州市鸣一电子商务有限公司,¥119.00,狂迷篮球室内室外篮球水泥耐磨篮球花式lanqiu街球标准7号篮球
鄂尔多斯市丰星电子设备有限责任公司,¥580.00,JBL CLIP2蓝牙音箱无线音响迷你低音炮便携户外小音响
新代码旗舰店,¥49.90,Rolton/乐廷 W105收音机老年老人迷你小音响插卡小音箱新款便携式播放器随身听mp3可充电儿童音乐听戏评书 时尚版
荣盈办公生活馆(4008298229),¥30.00,deli得力计算器 语音计算器 1535 真人发音 12位 银色面板 语音报数 时间 音乐闹铃 日期时间显示
图鼎数码旗舰店,¥299.00,飞利浦（PHILIPS）SA2208 飞声音效8GMP3播放器
逸豆生活馆,¥259.00,飞利浦MP3播放器SA2208 (8GB)
浙江绿森信息集团官方店,¥159.00,小米 米兔故事机mini
鄂尔多斯市丰星电子设备有限责任公司,¥999.00,JBL Flip4音乐万花筒蓝牙音箱无线迷你音响户外便携音箱双低音
渝首数码家电旗舰店,¥99.00,时尚手表手机 可配对智能机辅助打电话接电话插卡即用watch phone
玖融分期购,¥158.00,AWLE/艾维乐 手提户外音响广场舞便携式插卡小音箱U盘移动充电低音炮播放器
福州市小饼家电子商务有限公司,¥50.00,得力1654财务会计太阳能双电源办公商务大按键计算器多功能计算机
玖融分期购,¥58.00,乐廷T3插卡音箱便携迷你小音响 老人晨练收音机 MP3播放器随身听（玖融分期购）
上海海牙湾贸易有限公司,¥228.00,飞利浦PHILIP SA5MXX飞利浦MP3播放器 直插式录音笔U盘：银色
上海海牙湾贸易有限公司,¥548.00,kindle全新入门款升级版6英寸电子书阅读器
新代码旗舰店,¥99.00,ahma798 收音机新款便携式老人随身听迷你小音响老年插卡可充电小型广播音乐听歌机半导体播放器 【锂电池+充电线】不含卡
龙南县陶陶居家庭用品制造有限公司,¥3.68,家园树-鞋柜、衣柜、储物柜除异味、有害气体、防潮防霉竹炭包200g
龙南县陶陶居家庭用品制造有限公司,¥2.56,家园树-衣柜、储物柜、鞋子、邮票字画除味、防潮防霉竹炭包 100g/包
济南美泽商贸有限公司,¥16.00,活性竹炭包
宁波加利福进出口有限公司,¥9.90,空气净化炭包
节节高商城旗舰店,¥8.40,防潮防霉竹炭包家用装修房间除味去甲醛汽车内车载竹碳包防辐射
节节高商城旗舰店,¥18.90,竹炭包防潮防霉防辐射家用房间衣柜汽车除味除臭去味去甲醛碳包
节节高商城旗舰店,¥5.60,竹炭鞋塞干燥去味活性炭除臭防臭除味竹碳包防霉防潮防辐射
节节高商城旗舰店,¥9.10,竹炭鞋塞干燥去味活性炭除臭防臭防霉防潮防辐射除味竹碳包
节节高商城旗舰店,¥21.70,竹炭包 装修除味去甲醛碳包防潮包防霉防辐射车载爱心炭包
节节高商城旗舰店,¥15.00,节节高竹炭包新房家用车载装修房间除味去甲醛防潮去湿活性炭包
诚一日用,¥11.90,诚一*空气净化竹炭（420g） 竹炭包 除异味竹炭 强效净化空气
上海茂敏商贸有限公司,¥39.00,森活蜂窝形碳离子消臭空气净化器室内家用除甲醛臭杀菌烟粉尘净化
龙南县陶陶居家庭用品制造有限公司,¥68.00,竹炭包多功能除味竹碳包衣柜室内去甲醛防霉防潮净化空气活性炭包
龙南县陶陶居家庭用品制造有限公司,¥5.09,家车除甲醛 装修除味防霉防潮竹碳包 车载除味活性炭包净化空气（500g/包）
龙南县陶陶居家庭用品制造有限公司,¥58.00,车家两用2KG除甲醛竹炭包 防潮防霉竹炭包 装修装潢除味竹碳包
龙翔通讯官方旗舰店,¥78.00,新款小米移动电源2 10000毫安 充电宝 双向快充
小米之家店,¥175.00,小米手环3 心率监测 智能提醒 睡眠监测 计步
龙翔通讯官方旗舰店,¥219.00,荣耀手环4 智能运动手表50米防水游泳心率监测计步器
济南美派经贸有限公司(山东美派商城),¥10.00,维叶数据线X1 苹果系统与安卓系统手机两用线
TSM数码旗舰店,¥239.00,小米（MI）小米手环3NFC版 小米手环 智能手环 小米手环3
厘米电子科技,¥9.90,JOYROOM/机乐堂S-M352三款可选苹果数据线安卓数据线type-c数据线快充
四川长虹新能源科技股份有限公司,¥15.00,长虹碱性5号电池12节AA碱性LR6大容量1.5v五号家用玩具车小闹钟遥控器鼠标门锁手电筒干电池*可换7号
龙翔通讯官方旗舰店,¥159.00,【积分可抵现】小米手环3 心率监测 智能提醒 睡眠监测 计步
TSM数码旗舰店,¥189.00,【现货速发】小米（MI）小米手环3 智能运动手环 小米新手环 触摸屏 睡眠监测 小米计步手环
厘米电子科技,¥69.00,ROMOSS/罗马仕 sense4 10000毫安移动电源手机通用充电宝
石森电商旗舰店,¥39.00,Baseus/倍思IPhoneX艺纹数据线布纹快充编织苹果充电线传输
龙翔智选官方旗舰店,¥169.00,【积分可抵现】小米手环3 智能运动 心率监测 智能提醒 睡眠监测 计步 触摸大屏
厘米电子科技,¥49.00,卡斐乐 一拖三数据线 适用苹果安卓手机快充线 车载伸缩线保护套
厘米电子科技,¥79.00,ROMOSS/罗马仕 充电宝10000毫安聚合物移动电源安卓苹果手机通用
中粮我买网官方旗舰店,¥28.80,中粮凌鲜舟山野生单冻小黄鱼18-20 1000g 袋装【中粮我买网】【善融六周年】
我厨生鲜,¥39.90,舟山野生鲳鱼（2-3两/条）2条装220g（仅限上海地区）
我厨生鲜,¥26.90,冰鲜深海放养黄鱼200-300g
中粮我买网官方旗舰店,¥55.00,【中粮我买网】中粮凌鲜·大洋世家东海大黄鱼（单条，400g-500g/条 ）450g 袋装
我厨生鲜,¥15.90,小银鱼150g（仅限上海地区）
大洋世家旗舰店,¥288.00,大洋世家 阿根廷进口南极银鳕鱼500g 小鳞南极犬牙鱼 冰冻食品
我厨生鲜,¥42.90,舟山野生冰冻带鱼段（3-5两/条）450g(仅限上海地区)
我厨生鲜,¥39.90,冰岛比目鱼切片230g（仅限上海地区）
我厨生鲜,¥29.90,舟山野生小黄鱼（7—8条）300g（仅限上海地区）
中粮我买网官方旗舰店,¥42.00,【中粮我买网】中粮凌鲜·大洋世家烟熏智利三文鱼  (大西洋鲑) 100g 袋装
品鲜生活官方旗舰店,¥39.00,仙缘 大黄鱼450g/袋
我厨生鲜,¥29.90,舟山野生船冻硬皮红鱿鱼300g（仅限上海地区）
我厨生鲜,¥59.00,挪威北极鳕鱼300g（仅限上海地区）
品鲜生活官方旗舰店,¥18.00,仙缘 中黄鱼450g（8—12条）/袋
好余轩丹江口鱼旗舰店,¥39.80,好余轩丹江口鱼丸260*2湖北省内包邮
品鲜生活官方旗舰店,¥300.00,仙缘 黄鱼鲳鱼300型
大洋世家旗舰店,¥128.00,大洋世家 冷冻东海大黄鱼(两条装) 700g 黄花鱼 舟山特产
中粮我买网官方旗舰店,¥135.00,【黔货出山】中粮凌鲜厄瓜多尔白虾 2kg（每公斤50-60只)【中粮我买网】
大洋世家旗舰店,¥88.00,大洋世家 南美白对虾虾仁2*200g 共两袋 鲜嫩Q弹美味
中粮我买网官方旗舰店,¥400.00,【中粮我买网】【仅华北地区可售】年货礼包12——海鲜肉禽大礼包-2
我厨生鲜,¥49.00,泰国进口河虾仁150g（71-90）(仅限上海地区)
江苏泗水良农生态农业发展有限公司,¥88.00,"【爱心购】
						泗水良农麻辣小龙虾2斤装"
中粮我买网官方旗舰店,¥168.00,【包邮】中粮凌鲜·大洋世家厄瓜多尔白虾（每公斤40/50只）2kg 盒装【中粮我买网】
我厨生鲜,¥36.90,我厨优选生虾仁（91/110)(仅限上海地区)
江苏泗水良农生态农业发展有限公司,¥89.00,"【爱心购】
						麻辣小龙虾熟食 鲜活现烧4-6钱2斤装香辣味 建行扶贫"
中粮我买网官方旗舰店,¥99.00,【中粮我买网】渔泊湾厄瓜多尔白虾 40/50（35-55只）908g 盒装
中粮我买网官方旗舰店,¥89.00,【中粮我买网】中粮凌鲜·大洋世家厄瓜多尔白虾 40/50 1kg 盒装
中粮我买网官方旗舰店,¥55.00,【中粮我买网】中粮凌鲜·大洋世家阿根廷虾仁（13-19只，剔虾线） 300g 袋装
中粮我买网官方旗舰店,¥49.90,【中粮我买网】中粮凌鲜·大洋世家去肠腺船冻阿根廷红虾（7-9只）330g 盒装
中粮我买网官方旗舰店,¥56.00,中粮凌鲜·大洋世家阿根廷红虾（5-10只）460g 盒装【中粮我买网】【善融六周年】
中粮我买网官方旗舰店,¥88.00,红小厨麻辣小龙虾【中粮我买网】
大洋世家旗舰店,¥198.00,大洋世家 阿根廷红虾(L1) 2kg 进口海鲜 大礼包 礼盒 大号虾
我厨生鲜,¥14.80,花蛤500g
品鲜生活官方旗舰店,¥98.00,仙缘 深海大鲍鱼500g
品鲜生活官方旗舰店,¥88.00,仙缘 新西兰青口贝1000g
易果生鲜,¥29.90,獐子岛蒜蓉粉丝扇贝(速冻生制)200g(6枚装)
霞浦县海津食品有限公司,¥60.00,"【爱心购】
						溪南海生蚝干特级牡蛎干即食干货大号海蛎干500g海鲜牡蛎肉海蛎子"
大洋世家旗舰店,¥88.00,大洋世家 舟山特产半壳贻贝1kg 规格20|30/kg 青口贝冰
宁波蓝雪食品有限公司,¥139.00,【蓝雪】海湾贝柱 冷冻贝类瑶柱水产带子 200g/包 5包独立包装
宁波蓝雪食品有限公司,¥28.00,【蓝雪】海湾贝柱 冷冻水产 海鲜带子 扇贝柱 瑶柱贝类200g
宁波蓝雪食品有限公司,¥229.00,【蓝雪】加拿大北极贝超大号750克 3包独立装 刺身生食级
宁波蓝雪食品有限公司,¥26.00,【蓝雪】智利进口整只原味紫贻贝450g 海鲜贝类制品新鲜冷冻
宁波蓝雪食品有限公司,¥85.00,【蓝雪】冷冻水产 蚬子肉 海鲜贝类 250g/包 4包独立包装
宁波蓝雪食品有限公司,¥29.00,【蓝雪】智利进口蒜香味紫贻贝450g 冷冻水产 淡菜
宁波蓝雪食品有限公司,¥29.00,【蓝雪】智利进口番茄味紫贻贝450g 冷冻水产 淡菜
易果生鲜,¥59.00,獐子岛北极贝切片160g
易果生鲜,¥19.80,獐子岛泡椒粉丝扇贝(速冻生制)200g(6枚装)
东山县深海渔王水产有限公司,¥138.00,东山岛 冷冻鲍鱼 海鲜水产 火锅食材500g (约8±1只)
大连乾日海洋食品有限公司,¥399.00,大洋岛　辽参　　冷冻即食海参15-19头／500g／袋　包邮
好当家有机刺参,¥8400.00,40-60头【500g】好当家淡干刺参
好当家有机刺参,¥16800.00,40-60头【500g】天海湾刺参
大连海洋岛海珍品销售有限公司,¥1988.00,海洋岛盐渍海参大连深海野生辽参刺参半干海参礼盒装21-25头/500g
大连海洋岛海珍品销售有限公司,¥1688.00,海洋岛盐渍海参大连深海野生刺参辽参海参礼盒干货31-35头/500克
安徽省蟹之都贸易有限公司,¥198.00,【鲜活】白荡里枞阳大闸蟹公3.5两/母蟹2.5两 4对8只
安徽省蟹之都贸易有限公司,¥298.00,白荡里-枞阳大闸蟹蟹4.0两4只/蟹3.0两4只
安徽省蟹之都贸易有限公司,¥298.00,【全母大蟹】白荡里枞阳大闸蟹全母蟹3.0两8只
江苏泗水良农生态农业发展有限公司,¥270.90,"【爱心购】
						泗水良农香辣蟹罐装小螃蟹海鲜熟食即食麻辣熟食大闸蟹面包蟹200g"
大胃王生鲜专营店,¥180.00,秘之醉香辣蟹1000g 礼盒装
宁波馆,¥29.90,【宁波馆】6A蟹糊260g 宁波红膏蟹糊蟹王秘制蟹膏王蟹酱蟹浆醉蟹
宁波馆,¥32.90,【宁波馆】莫龙家宴蟹糊355g宁波海鲜特产蟹膏红膏咸蟹糊蟹酱蟹浆醉螃蟹即食
宁波馆,¥19.90,【宁波馆】手作红膏蟹糊260g蟹酱蟹浆醉蟹酱螃蟹即食
大纵湖大闸蟹官方旗舰店,¥328.00,【现货】大纵湖 大闸蟹鲜活现货螃蟹礼盒 888型 （公4.0两 母2.8两 4对8只）新品
宁波馆,¥23.90,【宁波馆】醉河蟹900g 个个有膏蟹 醉毛蟹醉螃蟹酱蟹醉蟹类制品
宁波馆,¥23.90,【宁波馆】宁波醉蟹900g膏蟹 蟹子 醉毛蟹 醉河蟹 醉螃蟹 大闸蟹 蟹类制品
宁波馆,¥17.90,【宁波馆】3A蟹糊260g 包邮 宁波特产潮龙红膏蟹糊 蟹浆蟹酱醉蟹
宁波馆,¥23.90,【宁波馆】5A蟹糊260g 宁波红膏蟹糊蟹秘制蟹膏王蟹酱蟹浆醉蟹
品鲜生活官方旗舰店,¥29.90,仙缘 梭子蟹块450g
石八砬善融旗舰店,¥7844.00,Sony/索尼 HXR-MC2500 专业肩扛式高清摄录一体机 婚庆摄像机
石八砬善融旗舰店,¥9983.00,JVC/杰伟世 JY-HM360摄像机高清专业婚庆肩扛式  9H续航 一键转场
石八砬善融旗舰店,¥5899.00,现货送礼 Panasonic/松下 HC-VX980GK 4K家用数码摄像机高清摄影
石八砬善融旗舰店,¥14881.00,Sony/索尼 NEX-VG30EH(含18-200mm头）数码摄像机
大智无疆4S店,¥899.00,大疆手机云台灵眸手机云台2 DJI手机云台 Osmo Mobile 2 防抖手机云台 手持稳定器
石八砬善融旗舰店,¥4984.00,Sony/索尼 HDR-CX680 家用高清数码摄相机5轴防抖 旅游专业婚庆DV
石八砬善融旗舰店,¥15913.00,Sony/索尼 HXR-NX100 专业摄像机 索尼NX100摄录一体机 高清
石八砬善融旗舰店,¥4794.00,Sony/索尼 HDR-CX450数码高清摄像机 家用DV五轴防抖带wifi
石八砬善融旗舰店,¥19492.00,Canon/佳能 XC15 4K新概念专业高清摄像机 XC10升级版
TSM数码旗舰店,¥3699.00,【优惠分期】尼康（Nikon）D5300 尼康D5300 尼康（18-140/18-55）
TSM数码旗舰店,¥759.00,佳能（Canon）EF 50mm f/1.8 STM 小痰盂 佳能50/1.8 佳能镜头50/1.8
石八砬善融旗舰店,¥4944.00,Sony/索尼 FDR-AX40 4K摄像机 摄像机 家用摄像机 ax40
世纪新岛联想专卖店,¥189.00,【智能摄像机】联想Lecoo看家宝1080P高清智能夜视无线wifi网络摄像头手机远程监控家用S1
上海海牙湾贸易有限公司,¥299.00,富士instax mini7C相机（奶咖色）
TSM数码旗舰店,¥3999.00,佳能（Canon）EF 17-40mm f/4L USM 单反镜头 小三元之一 佳能镜头17-40mm 佳能变焦镜头17-40mm
浙江三江食品有限公司,¥23.80,福事多手磨纯香黑芝麻糊480g（40gx12小包）现磨即食早餐
浙江三江食品有限公司,¥40.00,福事多蜂蜜柚子茶1kg大瓶装 韩国风味蜜炼水果茶酱冲饮品
湖北金城大厦集团,¥75.00,仙之灵野生葛根粉葛粉礼盒湖北钟祥特1280g
永定采善堂官方网店,¥42.90,采善堂 红糖姜母茶120g*2盒
远山旗舰店,¥50.00,"【爱心购】
						远山红糖姜茶12gx10条X4盒 姜母茶生姜汁红糖女大姨妈调理小袋装"
雁门清高,¥30.00,威壮长山药芡实薏米粉350g薏仁粥五谷营养代餐粉
雁门清高,¥50.00,"【爱心购】
						雁门清高黑豆核桃芝麻粉黑谷物代餐粉营养早餐518g"
中粮我买网官方旗舰店,¥39.90,【中粮我买网】【爆款】全南蜂蜜柚子茶1000g(韩国进口 瓶)
运城市关魂宏咖商贸有限公司,¥60.00,山西特产卫嫂传统素油茶 3袋 营养早餐冲饮速冲咸油茶面坚果早餐粉 3 大袋
heroyal皇麦世家旗舰店,¥22.80,【皇麦世家】木糖醇红枣豆奶粉538g 营养早餐即食冲饮饮品（18小袋）
湖北金城大厦集团,¥32.00,南方黑芝麻 黑芝麻糊（精装）原味600g 冲饮冲调
河南省益群生物科技有限公司,¥399.00,怀静堂怀参阿胶桂圆膏10瓶装
中粮我买网官方旗舰店,¥89.90,【预售2月12日发货】江中猴菇米稀15天装450g【中粮我买网】
合肥百大集团百大易商城,¥34.90,南方黑芝麻糊600g （15小袋）
湖北金城大厦集团,¥23.80,仙之灵野生葛根粉葛粉 湖北钟祥特产 有机食品 400g
浙江三江食品有限公司,¥45.00,福事多红豆薏米仁粉680g现磨营养代餐粉熟五谷杂粮
文陈优品,¥159.00,PANDA/熊猫 T-09收音机支持全波段插卡老人收音机半导体老年人台式收音机 单声道
文陈优品,¥149.00,PANDA/熊猫 T-04老人收音机新款便携式可充电插卡老年人广播半导体fm播放器小型随身听调频外放台式迷你mp3 黑
纽曼善融商务商城店,¥129.00,纽曼A68 hifiMP3播放器外放有屏插卡随身听无损音乐迷你跑步运动音乐
纽曼善融商务商城店,¥149.00,纽曼Q10蓝牙耳机运动头戴式跑步MP3一体式迷你随身听APP控制
火车制球厂家直销店,¥77.00,优能火车牌 7#篮球 TB7041 PU材质 丁基内胆（送气针网带）
灵宇文体,¥160.00,Star世达 PU耐磨室内室外通用 七号篮球 bb4457
玖融分期购,¥264.00,纽曼RV96取证录音笔微型远距专业迷你高清自动降噪超小录音器（玖融分期购）
上海海牙湾贸易有限公司,¥249.00,飞利浦AJ3400时钟收音机 ：黑色
玖融分期购,¥188.00,AWLE/艾维乐 无线蓝牙音箱低音炮插卡便携式户外U盘播放器
龙南县陶陶居家庭用品制造有限公司,¥5.09,汽车竹炭包 车载除味去甲醛家车两用净化空气防霉防潮活性炭包（500g/包）
石森电商旗舰店,¥39.00,REMAX/睿量 RM-510有线触感耳机 入耳式耳机线控耳机个性
厘米电子科技,¥149.00,ROMOSS/罗马仕 充电宝20000毫安大容量手机通用移动电源
浙江绿森信息科技官方卖场,¥169.00,小米手环3 智能手环 / NFC版 能刷公交卡
深圳市佰特惠家商贸有限公司,¥4688.00,【官网价 12期免息轻松购】华为 HUAWEI P20 Pro 全面屏徕卡三摄 6GB +128GB 移动联通电信4G手机 双卡双待
小米之家店,¥149.00,小米耳机 圈铁Pro 入耳式有线运动音乐耳机耳麦
石森电商旗舰店,¥39.00,REMAX/睿量 515耳机入耳式苹果安卓通用重低音耳机
厘米电子科技,¥139.00,罗马仕sense6P 20000mAh毫安充电宝 手机通用移动电源 LED液晶屏
石森电商旗舰店,¥39.00,REMAX/睿量 515耳机 入耳式苹果安卓通用重低音耳机
山东世纪华泰贸易有限公司,¥20.00,BYZ-387 389升级款入耳式 重低音线控麦克风3.5mm耳塞式 面条耳机 小米酷派华为三星通用型耳机
小米之家店,¥35.00,小米活塞耳机 清新版 入耳式手机耳机 通用耳麦
厘米电子科技,¥133.00,ROMOSS罗马仕聚合物充电宝20000毫安 大容量智能移动电源便携通用
上海湘商贸易有限公司,¥3999.00,【12期免息 送移动电源 顺丰当天发】Huawei/华为 Mate 20 全面屏珍珠屏 华为Mate 20 超大广角徕卡 mate20 华为手机
TSM数码旗舰店,¥69.00,小米（MI）小米移动电源2代 小米新移动电源 10000毫安/5000毫安 小米移动电源 小米电源 小米充电宝 小米新版便携充电宝
山东世纪华泰贸易有限公司,¥20.00,BYZ SE378 入耳式耳机 华为荣耀oppo小米vivo魅族三星通用 迷你带麦
品鲜生活官方旗舰店,¥39.90,仙缘 带鱼段450g
大洋世家旗舰店,¥99.00,大洋世家 舟山带鱼段800g 野生 冷冻 冰冻海鲜 200-300g/条
品鲜生活官方旗舰店,¥39.90,仙缘 鲳鱼450g（4条装）
好余轩丹江口鱼旗舰店,¥59.80,好余轩年货节鱼糕鱼丸组合装
我厨生鲜,¥39.00,舟山野生玉秃鱼（细鳞，2条装）300g（仅限上海地区）
好余轩丹江口鱼旗舰店,¥64.90,好余轩丹江口白鲢鱼头600g-800g+140g剁椒酱料省内包邮
易果生鲜,¥10.50,东海带鱼段 （250g/包）
宁波馆,¥139.00,【宁波馆】东海白鳞鲳鱼3斤装 新鲜冰冻白鲳鱼海鲜水产海鱼宁波特产4-6条/斤
易果生鲜,¥13.80,越南巴沙鱼柳（去皮去骨去刺）280g
我厨生鲜,¥28.90,舟山野生海鲜拼盘250g（仅限上海地区）
大洋世家旗舰店,¥35.00,大洋世家无蔗糖金枪鱼松100g 适合中老年肉松 鱼松
宁波馆,¥139.00,【宁波馆】东海带鱼3斤装冰冻带鱼段去头去尾新鲜刀鱼海鱼宁波特产海鲜生鲜
大洋世家旗舰店,¥99.00,大洋世家 舟山生态大黄鱼（两条装） 700g/袋 生态黄花鱼 舟山特产
大洋世家旗舰店,¥35.00,大洋世家 儿童营养金枪鱼松肉松100g 深海远洋捕捞 野生金枪鱼为原材料
我厨生鲜,¥25.90,天妇罗棒虾（芙蓉虾）10尾200g（仅限上海地区）
品鲜生活官方旗舰店,¥59.00,仙缘 南美白对虾450g
中粮我买网官方旗舰店,¥188.00,【黔货出山】【中粮我买网】大洋世家阿根廷船冻红虾L2 20/30（40-60只/盒）2kg 礼盒装
中粮我买网官方旗舰店,¥300.00,【中粮我买网】生鲜300元套餐
大洋世家旗舰店,¥198.00,大洋世家 厄瓜多尔白虾2kg 进口海鲜 40/50规格 新鲜活冻 原装
品鲜生活官方旗舰店,¥300.00,青虾仁8袋组合装
大洋世家旗舰店,¥188.00,大洋世家 阿根廷红虾(L2) 2kg 南美进口野生海捕船冻大虾礼盒
大洋世家旗舰店,¥95.00,大洋世家 厄瓜多尔白虾800g 进口海鲜 40/50规格 新鲜活冻
中粮我买网官方旗舰店,¥588.00,【中粮我买网】中粮优选海鲜大礼包A 6730g 礼盒装
大洋世家旗舰店,¥188.00,大洋世家 进口原装阿根廷L1红虾2kg 个大肥美 精选品质
宁波蓝雪食品有限公司,¥89.00,【蓝雪】智利进口半壳原味紫贻贝 1000g 冷冻水产 淡菜
宁波蓝雪食品有限公司,¥149.00,【蓝雪】蓝雪虾夷半壳扇贝冷冻大扇贝烧烤冷冻海鲜水产2斤/袋
东山县深海渔王水产有限公司,¥159.00,东山岛【活鲜】刺身生蚝海蛎 梅岭牡蛎 冷水蚝2.5kg (约25-30个)
宁波蓝雪食品有限公司,¥27.00,【蓝雪】智利进口咖喱味紫贻贝肉（熟）255g 异域美味海鲜淡菜
霞浦县海津食品有限公司,¥69.00,"【爱心购】
						海津 野生大瑶柱250g即食干贝 扇贝丁 元贝海鲜水产干货福建特产"
宁波蓝雪食品有限公司,¥85.00,【蓝雪】加拿大北极贝超大号250G装 海鲜刺身即食 超大裙边
易果生鲜,¥99.00,兰维乐新西兰青口贝1kg
宁波蓝雪食品有限公司,¥17.00,【蓝雪】海鲜蚬子肉 冷冻水产 美味蛤蜊 贝类250g/包
宁波蓝雪食品有限公司,¥23.80,【蓝雪】海鲜配菜200g 贝柱蚬子肉红虾仁 三款组合装营养美味
中粮我买网官方旗舰店,¥11.80,【中粮我买网】大厨小鲜蒜蓉粉丝扇贝 6粒装 270g
宁波馆,¥140.00,【宁波馆】红膏蟹咸蟹600g/2只红膏呛蟹梭子蟹宁波特产海鲜炝蟹醉蟹即食
宁波馆,¥23.90,【宁波馆】麻辣花蟹钳600g 蟹脚深海螃蟹 鲜香蟹钳即食海鲜腌制生鲜
江苏泗水良农生态农业发展有限公司,¥49.90,"【爱心购】
						香辣蟹200gX两罐 装 建行扶贫泗水良农"
宁波馆,¥19.90,【宁波馆】宁波海鲜 野生醉蟹钳 梭子蟹脚即食螃蟹类制品 螃蟹腿500g
江苏泗水良农生态农业发展有限公司,¥1980.00,"【爱心购】
						泗水良农洪泽湖大闸蟹2两全母8只鲜活螃蟹 顺丰包邮"
宁波馆,¥69.90,【宁波馆】莫龙醉大闸蟹715g宁波海鲜特产大醉河蟹 醉毛蟹醉蟹肥醉蟹 酱毛蟹
宁波馆,¥100.00,【宁波馆】红膏蟹咸蟹600g红膏呛蟹梭子蟹宁波特产海鲜炝蟹醉蟹整只即食
宁波馆,¥21.90,【宁波馆】野生醉蟹钳500g 大蟹脚 梭子蟹脚 即食醉蟹腿 螃蟹腿
宁波馆,¥29.90,【宁波馆】宁波海鲜特产 美味优质白玉蟹 醉蟹 螃蜞蟹 小螃蟹 小蟹子 900g
盘锦光合蟹业有限公司,¥159.00,蟹稻家 盘锦河蟹10只 母蟹2.0-2.3两5只+公蟹2.9~3.2两5只
大胃王生鲜专营店,¥220.00,秘之醉香辣蟹500g/盒+秘之醉醉蟹2两母蟹5只装
大胃王生鲜专营店,¥1788.00,新孟河大闸蟹4两母蟹5两公蟹公母对半8只装礼盒装
宁波馆,¥99.90,【宁波馆】莫龙醉大闸蟹918g宁波海鲜特产大醉河蟹 醉毛蟹醉蟹肥醉蟹 酱毛蟹
宁波馆,¥129.00,【宁波馆】红膏蟹咸蟹700g红膏呛蟹梭子蟹宁波特产海鲜炝蟹醉蟹整只即食
玖融分期购,¥673.00,富士拍立得mini8加菲猫卡通相机相纸套装 lomo一次成像胶卷立拍得
上海海牙湾贸易有限公司,¥458.00,富士（FUJIFILM）INSTAX 一次成像相机 MINI9相机
大智无疆4S店,¥2999.00,DJI大疆 晓 Spark 掌上智能无人机 高清航拍 自拍神器 初雪白单机版
大智无疆4S店,¥6898.00,DJI大疆无人机 御Air Mavic Air 烈焰红 全能套装+DJI Care随心换
大智无疆4S店,¥11999.00,大疆无人机 DJI无人机 精灵4 V2.0 Phantom 4 Pro V2.0 航拍无人机 5向环境 遥控不带屏幕
大智无疆4S店,¥15287.00,DJI大疆 无人机 “御”Mavic 2 御2 专业版 新品 单机+DJI 带屏遥控器+全能配件包
大智无疆4S店,¥13186.00,DJI大疆无人机 御2 Mavic 2 专业版 新品 单机+随心换+全能配件包
大智无疆4S店,¥6399.00,DJI大疆无人机 御Air Mavic Air 黑曜石 全能套装
TSM数码旗舰店,¥4688.00,【信用卡分期】佳能单反（Canon）EOS 800D（单机/18-55/18-135）2017新款佳能800D单反相机
上海海牙湾贸易有限公司,¥769.00,富士INSTAX MINI70相机
TSM数码旗舰店,¥2699.00,佳能微单相机 M6 微单相机 佳能M6/佳能微单M6 15-45mm套机/佳能微型单反相机M6 18-150mm套机
TSM数码旗舰店,¥6099.00,索尼（SONY） DSC-RX100 M5 黑卡数码相机 黑卡5 RX100M5
TSM数码旗舰店,¥4299.00,佳能（Canon）EOS 200D 单反相机 佳能200D/佳能单反200D 18-55mm套机/佳能单反相机200D 18-55mm套机
西安光泰电子有限公司,¥1280.00,Nikon/尼康 COOLPIX S5300 数码相机
西安光泰电子有限公司,¥2730.00,送包 Nikon/尼康 COOLPIX P340 数码相机
高寒,¥28.00,高寒藜麦脆片
浙江三江食品有限公司,¥19.00,浙江金华兰溪地区 O2o活动 现场提货 网购不发货 福事多500g蜂蜜柠檬茶
河南省益群生物科技有限公司,¥1280.00,怀参阿胶桂圆膏甘甜
浙江三江食品有限公司,¥19.90,福事多浓香醇豆浆粉300g（30gx10小包）即食早餐速溶冲饮
北京善融扶贫旗舰店,¥29.00,"【爱心购】
						深磨坊玉米稀36g*12条"
雁门清高,¥49.90,"【爱心购】
						雁门清高红豆薏米粉薏仁粉五谷杂粮代餐粉早餐食品518g"
山东省万兴食品有限公司,¥38.00,味教授出口品质生姜粉食用纯姜粉纯老姜粉姜茶原始点调味
苗姑娘食品专营店,¥28.00,"【爱心购】
						苗姑娘原味速溶姜茶10g*12袋 姜母茶姜汤姜汁花茶冲饮品"
广西梧州冰泉实业股份有限公司,¥28.80,"【爱心购】
						冰泉速食豆腐花256克*3包速食豆腐花豆腐脑豆粉"
福建好日子食品有限公司,¥18.80,【好日子】热人心216g生姜红糖固体饮料
深磨坊官方旗舰店,¥25.00,【深磨坊】玉米人富硒玉米稀玫瑰味36g*12条家庭装
heroyal皇麦世家旗舰店,¥29.80,【皇麦世家】黑芝麻糊木糖醇红枣燕麦营养早餐510g
远山旗舰店,¥50.00,"【爱心购】
						远山新品 桂圆红枣茶120g*4盒装 冬日暖心冲饮"
苗姜王,¥29.00,【苗姜王】贵州小黄姜生姜粉食用纯干姜粉原始点老姜粉250g
运城市关魂宏咖商贸有限公司,¥100.00,山西特产卫嫂传统素油7袋 茶营养早餐冲饮速冲咸油茶面坚果早餐粉 7大袋
厘米电子科技,¥399.00,MEES 蓝牙耳机分离式无线双耳超小迷你运动耳机
石森电商旗舰店,¥35.00,Baseus/倍思 极速系列华为充电线 Type-c接口带指示灯手机数据线1M
深圳市佰特惠家商贸有限公司,¥3199.00,2018新款【现货速发】Apple Watch Series 4智能手表 GPS+蜂窝网络款版 运动版铝金属表壳
大洋世家旗舰店,¥88.00,大洋世家 安心青虾仁2*200g 共两袋 精选虾仁
大洋世家旗舰店,¥178.00,大洋世家 (进口原装20-30头/kg)阿根廷红虾L2 美味船冻品质红虾
我厨生鲜,¥99.00,熟冻南美白虾（带头带壳）400g
大洋世家旗舰店,¥96.00,大洋世家 加拿大北极甜虾1kg 90+ 带籽 熟冻即食 野生 北极虾
大洋世家旗舰店,¥108.00,大洋世家 安心青虾仁(2*260g) 520g 南美白对虾 水晶虾仁 冷冻新鲜 海鲜
宁波馆,¥86.90,【宁波馆】十三香小龙虾3斤装 4-6钱 鲜活烧制 即食熟食 夜宵
山东省万兴食品有限公司,¥10.00,姜老大寿司姜片日本寿司料理红姜片小咸菜醋泡姜120g*2袋
安徽省蟹之都贸易有限公司,¥198.00,【全母蟹】白荡里枞阳大闸蟹全母2.5两8只礼盒
宁波馆,¥21.90,【宁波馆】海洋谷醉蟹钳500g 大蟹脚梭子蟹脚即食醉蟹宁波海鲜螃蟹腿
大胃王生鲜专营店,¥350.00,新孟河大礼包（2.5两母蟹3.5两公蟹6只+醉蟹2.5母4只+香辣蟹500g/盒）
宁波馆,¥23.90,【宁波馆】醉蟹块 优质蟹醉蟹 股蟹块 醉蟹蟹钳 腌制蟹类制品 入味美味蟹
济宁索电数码电子有限公司,¥750.00,Nikon尼康 AF 50mm f/1.8D 50 1.8D 50/1.8D 人像定焦镜头 行货
重庆市涪陵榨菜集团股份有限公司,¥31.90,"【爱心购】
						榨菜乌江涪陵榨菜微辣套餐18袋共1350g下饭菜咸菜海带丝美味萝卜"
宁波馆,¥2.60,【宁波馆】酱小青瓜200g咸甜乳黄瓜 酱青瓜 酱瓜 酱菜咸菜泡菜 小青瓜下饭菜
湖北农谷电子商务有限公司,¥40.00,中国农谷湖北特产泡椒藕带酸辣藕尖泡菜下饭菜脆爽藕尖400g*5袋包邮
宁波馆,¥16.90,【宁波馆】备得福儿童榨菜丝100g*10
阿凡优选扶贫商城,¥29.00,"【爱心购】
						延边特色辣白菜 韩式辣白菜2袋"
重庆市涪陵榨菜集团股份有限公司,¥19.90,"【爱心购】
						乌江涪陵榨菜丝小包装15g清淡榨菜90袋佐餐开味小菜咸菜下饭菜"
宁波馆,¥11.90,【宁波馆】备得福麻油榨菜40g*10包 宁波榨菜余姚下饭酱菜咸菜麻油榨菜
宁波馆,¥16.90,【宁波馆】备得福萝卜干70g*10包 下饭小菜 佐菜美食 余姚特产油炒萝卜干
宁波馆,¥5.50,【宁波馆】甬星酱香萝卜200g 咸菜酱菜爽口下饭菜
重庆市涪陵榨菜集团股份有限公司,¥13.90,"【爱心购】
						萝卜干乌江麻辣萝卜干5袋+美味萝卜5袋共600g咸菜下饭菜"
贵阳黔味美食美客商贸有限公司,¥11.00,贵州陶华碧老干妈香辣菜80g*5包 包邮新疆内蒙西藏不发货
宁波馆,¥19.90,【宁波馆】嫩姜芽700g糖醋泡姜酸甜嫩姜生姜下饭腌制鲜嫩整粒鲜姜芽
山东省万兴食品有限公司,¥15.80,味教授 腊八蒜绿蒜糖蒜翡翠醋泡大蒜自制腌泡大蒜头
安徽省蟹之都贸易有限公司,¥198.00,【鲜活】白荡里枞阳大闸蟹公3.5两/母蟹2.5两 4对8只
安徽省蟹之都贸易有限公司,¥298.00,白荡里-枞阳大闸蟹蟹4.0两4只/蟹3.0两4只
安徽省蟹之都贸易有限公司,¥298.00,【全母大蟹】白荡里枞阳大闸蟹全母蟹3.0两8只
中粮我买网官方旗舰店,¥38.80,大洋世家两条装大黄鱼 700g 【中粮我买网】
内蒙古科尔沁食品旗舰店,¥119.00,"【爱心购】
						科尔沁生鲜冷冻肉筋牛肉4斤2000g 内蒙古牛肉筋头巴脑"
中粮我买网官方旗舰店,¥85.00,【中粮我买网】中粮凌鲜·大洋世家青虾仁（90-110只）1kg 袋装
内蒙古科尔沁食品旗舰店,¥100.00,科尔沁肥牛卷500g*3袋 内蒙古草原牛肉卷 生鲜冷冻牛肉 火锅
内蒙古科尔沁食品旗舰店,¥100.00,科尔沁牛肉馅500g*4袋 可炒菜 包饺子 烧汤 内蒙古草原冷冻牛肉
中粮我买网官方旗舰店,¥79.00,【中粮我买网】安至选乌拉圭牛腱子 1袋1000g
网易味央官方旗舰店,¥250.00,2019年浙江省分行本部春节福利（猪肉礼包C）江浙沪包邮
莱州市益田食品有限公司,¥16.80,曲记海蜇 即食特色老醋海蜇200g 清脆可口
中粮我买网官方旗舰店,¥105.00,安至选新西兰羔羊排 1000g 袋装【中粮我买网】
中粮我买网官方旗舰店,¥135.00,【黔货出山】中粮凌鲜厄瓜多尔白虾 2kg（每公斤50-60只)【中粮我买网】
中粮我买网官方旗舰店,¥79.00,安至选澳洲牛腩 1000g 袋装【中粮我买网】
山东省万兴食品有限公司,¥15.00,"【爱心购】
						姜老大糖醋蒜糖蒜甜蒜醋泡大蒜咸菜下饭菜260g×4袋"
金川绿生食品,¥29.90,"【爱心购】
						超值组合120g金川雪梨膏+随机40g高原开味下饭菜10袋"
宁波馆,¥16.90,【宁波馆】酱小青瓜200g*5咸甜乳黄瓜 酱青瓜 酱瓜 酱菜咸菜泡菜 小青瓜下饭菜
宁波馆,¥17.90,【宁波馆】备得福榨菜片80g*10包 余姚榨菜 特产 方便小吃 下饭菜
恒顺醋业,¥10.10,恒顺乳黄瓜375g 酱菜 咸菜 腌制泡菜 下饭小菜 镇江特产
宁波馆,¥14.90,【宁波馆】引发羊尾笋180g 油焖笋罐头 即食羊尾笋 方便下饭菜
宁波馆,¥19.90,【宁波馆】沐阳牌油焖笋罐头300g*2罐 新嫩烤笋 下饭菜
重庆市蓬江食品有限公司,¥12.00,"【爱心购】
						阿蓬江300g*2酸辣地牯牛泡菜"
万三旗舰店,¥5.00,周庄特产 万三 阿婆菜100g*1袋 毛豆咸菜 菜苋
重庆市涪陵榨菜集团股份有限公司,¥24.00,榨菜乌江涪陵榨菜清淡榨菜清爽套餐15袋装共1410g榨菜咸菜下饭菜
宁波馆,¥14.90,【宁波馆】三丰糖蒜 糖醋蒜头 余姚特产糖蒜头腌制糖醋蒜红200g*5包
大洋世家旗舰店,¥88.00,大洋世家 南美白对虾虾仁2*200g 共两袋 鲜嫩Q弹美味
湖北农谷电子商务有限公司,¥10.00,"【爱心购】
						中国农谷湖北特产白刁子鱼农家自制咸鱼淡水大白鱼整条"
中粮我买网官方旗舰店,¥10.50,【中粮我买网】新希望活润大果粒酸牛奶低温酸奶黄桃+芒果风味酸奶370g盒装
湖北农谷电子商务有限公司,¥9.90,"【爱心购】
						中国农谷湖北特产武昌鱼风干鳊鱼鲫鱼腊鱼整条300g包邮"
中粮我买网官方旗舰店,¥400.00,【中粮我买网】【仅华北地区可售】年货礼包12——海鲜肉禽大礼包-2
我厨生鲜,¥49.00,泰国进口河虾仁150g（71-90）(仅限上海地区)
山西优社优家商贸有限公司,¥1000.00,山西右玉 精选羔羊排 2.5kg/袋*4
浙江蓝颂供应链管理有限公司,¥250.00,2019年浙江省分行本部春节福利（牛排礼包A）江浙沪包邮
中粮我买网官方旗舰店,¥35.00,恒都澳洲羊蝎子800g袋装【中粮我买网】
内蒙古科尔沁食品旗舰店,¥119.00,科尔沁澳洲牛排10袋1540g（菲力、西冷、黑椒、沙朗、儿童 、各两袋）
江苏泗水良农生态农业发展有限公司,¥88.00,"【爱心购】
						泗水良农麻辣小龙虾2斤装"
宁波馆,¥16.90,【宁波馆】备得福红油豇豆70g*10包 泡菜开袋即食素食零食泡椒榨菜秘制豇豆
山东省万兴食品有限公司,¥38.00,【善融扶贫】味教授 黑蒜头独头黑蒜包邮500克黑蒜出口黑大蒜发酵黑蒜头山东
宁波馆,¥16.90,【宁波馆】农家糖醋蒜700g糖蒜甜蒜腌泡大蒜头甜蒜咸菜醋泡大蒜下饭菜泡菜
合肥百大集团百大易商城,¥6.90,齐松姜丝香辣菜200g 香菜
阿凡优选扶贫商城,¥23.00,"【爱心购】
						好芯乳酸菌发酵东北酸菜750g*3袋"
万三旗舰店,¥50.00,江苏苏州昆山周庄特产万三阿婆菜礼盒 100g*10袋 袋装 QS认证
合肥百大集团百大易商城,¥27.50,齐松糖醋生姜1kg 铜陵白姜
我厨生鲜,¥27.90,中粮家佳康大排420g
中粮我买网官方旗舰店,¥168.00,【包邮】中粮凌鲜·大洋世家厄瓜多尔白虾（每公斤40/50只）2kg 盒装【中粮我买网】
我厨生鲜,¥43.90,生虾仁（71/90）250g（仅限上海地区）
江苏泗水良农生态农业发展有限公司,¥270.90,"【爱心购】
						泗水良农香辣蟹罐装小螃蟹海鲜熟食即食麻辣熟食大闸蟹面包蟹200g"
中粮我买网官方旗舰店,¥88.00,【中粮我买网】安至选澳洲牛腱子1000g
我厨生鲜,¥49.90,"单冻鸡翅中1000g,仅限上海地区"
