co_prod,co_name,co_info,co_mbno,co_addr
"可调音阀门跑车音排气,高性能排气",广州银马汽车配件有限公司,黄师傅 13556196023  手机/微信同号，加VX看更多效果图，视频试听。各类车型定制。  元...,13556196023,暂无数据
"前后包围 雨挡 备胎罩,护板 电镀件 行李架",广州升林汽车用品有限公司,广州升林汽车用品专业提供中高档SUV越野车型的行李架，脚踏板，前后护板，晴雨挡，挡泥板，发动机护板，...,13751792025,广州市永福路45号
"智能一键启动升窗,舒适进入系统",广州市车杰饰汽车配件有限公司,■ 广州车杰饰 公司简介    广州市车杰饰汽车配件有限公司是一家专业从事汽车防盗器、摩托车防盗器、...,13826206887,广州市白云区永平街东平老屋直街1号
"大包围,尾翼",新华丰汽车改装用品公司,广州华丰汽车改装用品有限公司是 一家专业生产汽车大包围空力套件、定 风翼、行李架、碳纤系列产品的厂家...,18520104745,广州越秀区
暂无数据,暂无数据,暂无数据,暂无数据,暂无数据
"esd点火增强器,汽车动力改装配件",广州市汽车动力提升改装件,ESD多重点火增强器，提示动力扭力，降低油耗，无损加装，不影响年审，车检，质保两年。...,13533289038,暂无数据
"电动踏板,大包围套件,电吸门,汽车改装",广州豪改汇汽车改装配件有限公司,"企业简介：  广州豪改汇汽车改装配件有限公司--成立于中国汽配之都-广州,公司致力于成为豪华suv外...",13725240898,广州市天河区中成北路8号
"后盖 前后杠 脚踏板,排气 轮眉 龙门架",广州福运汽配改装,广州福运汽配改装是一家集销售 改装JEEP越野车 福特  丰田坦途 皮卡车的汽车配件 前后杠 后盖 ...,18898880192,广东省广州市太和镇永兴村
"锻造轮毂,轮毂",广州九华汽车用品有限公司,暂无数据,18819367688,暂无数据
暂无数据,暂无数据,暂无数据,暂无数据,暂无数据
"避震,刹车",广州豹速汽车配件有限公司,公司主营汽车性能改装件；德国KW避震  日本LT避震  南非PB刹车 英国AP刹车  意大利brem...,15217218240,暂无数据
"路虎电动踏板,发现5电动尾门,行李架 包围..",广州路豹贸易有限公司,广州路豹贸易有限公司（广州路豹汽车配件有限公司）www.lubaosuv.com 主营保时捷、路虎、...,13533059518,广州南沙
"汽车改装包围,碳纤维加工",广州旺车达汽车配件改装有限公司,广州旺车达汽车改装厂成立于2010年，是一家开发、设计、生产和销售汽车改装包围用品的专业公司。公司拥...,18565485552,暂无数据
"雾灯双光透镜改装,大灯双光透镜改装",广州芦汀车灯有限公司,台湾德泰汽车用品有限公司（英文：TW-GT），总部设立于台湾中部的彰化县。专注开发生产专车专用雾灯双...,18578769170,广州市白云区京溪路201号511
暂无数据,暂无数据,暂无数据,暂无数据,暂无数据
"自动升窗器,胎压监测仪",广州忠诚卫士电子有限公司,广州忠诚卫士电子有限公司成立于2010年，是一家集研发、生产、销售于一体的汽车改装电子件企业。主要开...,18520392004,广州市白云区嘉禾街彭上致富路3号3楼
"电动尾门,角度摆杆",广州畅翼汽车配件有限责任公司,畅翼电动尾门，是一套全新的汽车改装智能系统，驾驶者可通过遥控车钥匙、按动车辆尾门开关键和驾驶室按键控...,18144085839,广州市黄埔区桑田一路36号
"汽车配件所有,汽车改装",广州速野汽车用品有限公司,广州速野改装配件位于永福路44号新华汽车用品城一楼H101，坐拥汽配城得天独厚的地理优势。公司始终坚...,15918866800,广州市越秀区永福路44号新华汽车用品展贸中心
汽车养护;防爆膜;MP3/4;遮阳挡;H,车将士汽车用品有限公司,广州车将士汽车用品有限公司位于广东广州市越秀区，车将士汽车用品有限公司主要专业从事雨刮片的生产，公司...,13016027459,中国广东广州市越秀区永福路利远分场349
暂无数据,暂无数据,暂无数据,暂无数据,暂无数据
汽车真皮方向盘套;PU方向盘套;PVC方,广州市极致汽车用品有限公司,广州市极致汽车用品有限公司正式成立于2010年11月25日，我司由2005年2月18日成立的广州市利...,13560084316,中国广东广州市广州市越秀区永福路45号利远广场5楼E01...
汽车抱枕，靠垫;头枕，空调被;小熊内饰套,广州市白云区嘉凯汽车用品厂,广州市白云区嘉凯汽车用品厂是汽车抱枕，靠垫、头枕，空调被、小熊内饰套装、儿童安全座椅、杂物架杂物袋等...,13903056328,中国广东广州市白云区龙归，永兴村，第八经济社，林仔...
保温隔热材料;吸音隔音材料;钢结构工程材,广州爱音仕声学材有限公司,广州爱音仕声学材有限公司位于中国全球、大陆、亚洲，广州爱音仕声学材有限公司是一家保温隔热材料、吸音隔...,13826436973,中国广东广州市天河区广州坤耐建材有限公司
大包围脚垫;雨刮;日行灯,广州柒天汽车用品有限公司,广州柒天汽车用品有限公司是一家专车专用汽车用品生产销售于一体的公司，本公司经营的产品有：专车专用脚垫...,13760632457,中国广东广州市白云区广州市白云区沙太北路芒果公寓...
喇叭;喷油嘴;点火线圈;传感器;氧气传感,广州市天宇通汽车配件有限公司,广州天宇通汽车配件有限公司位于中国广源东路1881号，联系电话;13825039217.QQ:227...,13825039217,中国广东广州市越秀区广源东路1881号致友汽配分场
玻璃棉;吸音棉;保温棉;隔热棉;防潮防火,广州固全建材有限公司,广州固全建材有限公司是玻璃棉、吸音棉、保温棉、隔热棉、防潮防火、纤维玻璃棉、橡塑、铝箔、铝膜、白膜等...,18602003125,中国广东广州市天河区黄埔大道中152号海景中心东塔...
岩棉板;保温玻璃棉;工业厂房隔热棉毡;F,广州坤耐建材保温隔音材料有限公司,广州坤耐建材有限公司简称广州坤耐，地处广州市天河区东圃镇，地理位置优越，交通便利，物流发达，是外贸、...,13265395516,中国广东广州市天河区广东省广州市大观南路24号振中商...
汽车包围;汽车改装件;pu包围;专车专用,广州市飞翔汽车改装用品有限公司,"广州飞翔汽车改装用品有限公司，是一家专业生产经营汽车改装产品的大型私营企业,广州飞翔汽车改装用品有限...",13310899418,中国广东广州市广州市天河区棠东商业大厦
暂无数据,暂无数据,暂无数据,暂无数据,暂无数据
汽车LED灯;汽车日间行车灯;汽车改装件,广州车速汽车用品有限公司,广州车速汽车用品有限公司位于中国广州永福路广东永福国际汽车用品城，是国家相关部门批准注册的企业。公司...,15975395613,中国广东广州市越秀区永福路
汽车灯饰;汽车警报器;奥迪A6专业频闪灯,广州高健汽车用品有限公司,广州高建汽车电子用品制造厂是一家专业从事生产汽车周边电子及灯饰照明的企业，在致力于汽车装潢改装的研究...,13725256519,中国广东广州市广州市越秀区永福路45号永福国际B047档
大包围;中网;尾翼;机盖;行李架;灯眉;,广州宏力汽车包围改装有限公司,广州宏力汽车包围改装有限公司是一家汽摩及配件的企业，是经国家相关部门批准注册的企业主营大包围、中网、...,暂无数据,中国广东广州市白云区广州市和人镇蚌湖清河村清南工业...
氙气灯;hid;汽车门拉手;汽车门把手;,广州广派汽车用品有限公司,广州广派汽车用品有限公司是氙气灯、hid、汽车门拉手、汽车门把手、自动关窗器、汽车防盗器、防盗器、汽...,13310892123,中国广东广州市越秀区永福路79号倚云广场3期H204
暂无数据,暂无数据,暂无数据,暂无数据,暂无数据
隔音隔热材料 防震胶 吸音棉,华杭橡胶制品有限公司,华杭是一家橡塑的企业，是经国家相关部门批准注册的企业。主营隔音隔热材料、防震胶、吸音棉，公司位...,暂无数据,广东省广州市
汽车配件;汽车改装件;尾翼，定风翼;下护,广州悍虎汽车改装有限公司,广州悍虎汽车改装有限公司是汽车配件、汽车改装件、尾翼，定风翼、下护、大包围等产品专业生产加工的私营合...,暂无数据,中国广东广州市广州市越秀区永福路永福西约76号502
大包围;汽车大包围;电子油门加速器;,广州炫风大包围厂,广州炫风汽车用品有限公司是一间专业设计生产汽车大包围空力套件等汽车改装部品的厂家，生产经营方式以自产...,15918641284,中国广东广州市番禺
一键启动;数码防盗锁;汽车多功能升级;汽,广州市拜尔电子有限公司,"本公司位于中国广州,本公司是一家一键启动、数码防盗锁、自动升窗系统、智能钥匙无钥匙进入系统、防盗器等...",18925215717,中国广东广州市越秀区永福路38号
暂无数据,暂无数据,暂无数据,暂无数据,暂无数据
GPS一键启动;PKE一键启动;PKE防,广州市雄峰汽车电子有限公司,"广州市雄峰汽车电子厂位于广东广州市,主要从事汽车防盗报警器、汽车倒车雷、一键启动等电子产品的研发、制...",13825009166,中国广东广州市厂址:广州市白云区嘉禾望岗工业区/公司...
树脂发动机下护板;发动机保护板;车用灭火,广州明瑞汽车用品有限公司,广州明瑞汽车用品：主要经营汽车底盘保护板车用灭火器，三角警告标志牌明瑞本着最优的质量、最合理的价格和...,13711132438,中国广东广州市越秀区永福路坑口汽车用品街
汽车大包围;汽车尾翼;汽车包围;汽车小包,广州炫动汽车改装用品厂,广州炫动汽车改装用品厂是一家汽车大包围及尾翼等产品的专业设计和制造厂家，工厂聚集同行业中一大批有强烈...,13556035034,中国广东广州市白云区人和镇西湖村8社工业区炫动改...
汽车排气管;尾管;尾喉;消声器;装饰尾管,广州市番禺区南村前明五金厂,"本公司主要经营汽车排气管等。公司秉承""顾客至上，锐意进取""的经营理念，坚持&qu...",13640623439,中国广东广州市番禺区广州市番禺区
暂无数据,暂无数据,暂无数据,暂无数据,暂无数据
锚盾汽车隐形保险箱;,广州市越秀区大象汽车用品商行,广州市越秀区大象汽车用品商行是一家汽摩及配件的企业，是经国家相关部门批准注册的企业主营汽车隐形保险箱...,15207587856,中国广东广州市广州市越秀区永福路南方永福国际202档
皮革脚垫;汽车脚垫;大包围脚垫;3D脚垫,广州车祺汽车用品有限公司,广州车祺汽车用品有限公司是一家致力于汽车等精品研发、生产及销售推广的大型商贸企业。公司拥有自主品牌“...,18026281532,中国广东广州市花都区永福路45号利远分场413工厂地址...
玻璃棉板;吸音鸡蛋棉;玻璃棉毡;FRP采,广州坤耐隔音隔热建材有限公司,广州坤耐隔音隔热建材有限公司位于中国广州市天河区东圃黄村北路怡顺商业街B05，广州坤耐隔音隔热建材有...,15989206505,中国广东广州市天河区天河区大观中路大观街188号
汽车改装用品;专业生产汽车车身强化件;铝,永福中心汽车用品广场广翼汽车用品行,永福中心汽车用品广场广翼汽车用品行经销批发的汽车改装用品、专业生产汽车车身强化件、铝镁拉丝油门踏板、...,13600057918,中国广东广州市越秀区永福路45号利泓汽车用品城A38档
汽车真皮座椅皮套;汽车配件,广州市白云区麦龙汽车用品厂,"广州市白云区麦龙汽车用品有限公司成立于2008年,注册资金50万,现有员工71名,是一家专业生产汽车...",暂无数据,中国广东广州市白云区均禾街新科上村松元脚工业区第二...
汽车隔音隔热材料;汽车音响;汽车用品;五,广州庆丰隔音隔热材料厂,广州庆丰隔音隔热有限公司经销批发的汽车隔音隔热材料、汽车用品、五金工具畅销消费者市场，在消费者当中享...,15813391216,中国广东广州市白云区广州市白云区
发布时间：20130323,广州泰李汽车座椅有限公司,"广州泰李汽车座椅有限公司成立于2004年11月2日，位于广州市花都区汽车城，注册资金800万美元,投...",暂无数据,广州市花都区汽车城东风大道东(花都港旁边)
儿童安全汽车座椅座垫;座椅后背袋侧袋;安,广州市车古士汽车用品有限公司,广州市车古士汽车用品有限公司是儿童安全汽车座椅座垫、座椅后背袋侧袋、安全带护肩套等等产品专业生产加工...,13560408146,中国广东广州市白云区柯子岭
暂无数据,暂无数据,暂无数据,暂无数据,暂无数据
大包围;尾翼;排气;,广州市飞速汽车大包围有限公司,广州市飞速汽车改装用品有限公司是一家专业生产汽车大包围空力套件、定风翼、行李架、碳纤系列产品的厂家，...,15999947590,中国广东广州市天河区广州市天河区广...泉路新致友汽配城
消声器;响喉.刹车灯;行李架;改装排气管,广州盛大国际汽车用品交易广场顺丰汽车用品行,广州盛大国际汽车用品交易广场顺丰汽车用品行位于中国广州市永福路40号盛大国际二楼39档，广州盛大国际...,13760626038,中国广东广州市越秀区广州市永福路40号盛大国际二层自...
布艺头枕;布艺抱枕;布艺空调被;智能无匙,广州市铭鑫汽车用品有限公司,广州市铭鑫汽车用品有限公司位于中国广州市白云区增槎路18号西华园大夏817，广州市铭鑫汽车用品有限公...,13416161823,中国广东广州市白云区广州市白云区增槎路18号西华园大...
"汽车导航仪行车记录仪,汽车改装车身颜色..",上海越琪汽车用品有限公司,越琪汽车用品专营店（https://yueqiqcyp.tmall.com）是天猫优秀店铺。越琪汽车...,13711575142,广东省天河区凤凰街道柯木朗商务中心
"汽车真皮座椅改装,汽车内饰改装,汽车座椅..",广州市珍牛汽车配件有限公司,公司简介：广州市珍牛汽车配件有限公司于1998年成立于广东顺德（当地私家车拥有率全国第一）。本公司一...,13360592729,广州市番禺区高沙工业区G105国道致业科技中心一楼
"碳纤维改装,树脂纤维改装,gzhtcf",广州鸿途汽车配件有限公司,"广州鸿途汽车配件有限公司是广州地区知名的企业，自加入广州黄页88网络平台初就秉承""诚信经营...",15626138557,广州市白云区钟落潭镇光明千家围街24号101房
"汽车改装包围,汽车碳纤维件,汽车精品件,..",广州市徕硕汽车部件有限公司,广州徕硕BFB是由广州莱格，广州燃典，广州尚捷路，广州路达威  四家公司合资，融资几方特长资源而成的...,18826672293,广州白云区白云大道北新广从汽配城新区A栋
暂无数据,暂无数据,暂无数据,暂无数据,暂无数据
"改装大包围,改装排气,改装尾翼,改装机盖",广州会友汽车用品有限公司,广州会友汽车用品有限公司是一家根据国际社会潮流，自主设计，集研开发，各款车型外观饰品的生产销售公司。...,13434240681,暂无数据
"汽车用品,安防产品",广州中天科技有限公司,本公司产品1个月包换，1年免费保修的售后服务承诺。    商品退换规定：     凡是在本公司购买商...,13175872242,暂无数据
"面框,线束,导航,音响",广州多丰电子有限公司,广州多丰电子有限公司（神龙影音线材）是一家专业从事汽车各种车载导航面框、线束、手机支架、连接器、行车...,18818527852,广州市白云区白云大道北友谊八一科技园C栋三楼
汽车改装件;排档头;空滤;方向盘;汽车螺,广州爱顺汽车用品有限公司,广州爱顺汽车用品有限公司是汽车改装件、排档头、空滤、方向盘、汽车螺丝、脚踏板、改装车标、真皮排档头、...,暂无数据,中国广东广州市越秀区永福路利远广场四楼D008档
批发摩配件,广州市威博火花塞有限公司,产品服务：批发摩配件	...,暂无数据,广东省广州市白云区罗冲围白云摩配市场内
包围;利威中隔板;V3中网;改装件;尾翼,徕硕汽车附件有限公司,徕硕汽车附件有限公司是一家汽摩及配件的企业，是经国家相关部门批准注册的企业主营包围、中隔板、中网，公...,13602411818,中国广东广州市白云区广州市白云区黄石西路恒隆工业区...
改装包围;行李架;尾翼;装潢用品;,讯邑汽车改装用品公司,"讯邑汽车改装用品公司是一家集开发,生产,销售于一体的汽车改装配件生产企业拥有多年的改装经验和专业生产...",13929505180,中国广东广州市白云区太和镇谢家庄
暂无数据,暂无数据,暂无数据,暂无数据,暂无数据
汽车坐垫;汽车座套;汽车脚垫;颈枕抱枕腰,广州御鞍汽车用品有限公司,广州御鞍汽车用品有限公司是汽车坐垫、汽车座套、汽车脚垫、颈枕抱枕腰靠、方向盘套和其他汽车内饰用品等产...,15989156066,中国广东广州市花都区狮岭镇山前大道南航工业园
"汽车尾翼,汽车定风翼,挡泥板,大小包围",东莞市大朗福来汽车配件销售部,东莞市大朗福来汽车配件销售部是一家主要生产汽车尾翼、定风翼、汽车外饰改装件、大小包围、晴雨档、挡泥板...,15118885978,东莞市大朗镇大井头社区顺兴一路8号3栋B201
汽车脚垫;大包围脚垫;专车专用脚垫;车之,天洲汽车用品有限公司,天洲汽车用品有限公司是汽车脚垫、大包围脚垫、专车专用脚垫、车之助脚垫、车际通脚垫、3D脚垫、立体脚垫...,13622296977,中国广东广州市海珠区南洲路33号
专车专用DVD导航;摄像头;显示器;隔音,广州市越秀区桦枫汽车用品商行,广州市越秀区桦枫汽车用品商行经销批发的专车专用DVD导航、摄像头、显示器、隔音材料、氙气大灯畅销消费...,13688861953,中国广东广州市越秀区永福路45号永福汽配城2楼66档
摩托车各种配件;汽车行李架;汽车前后杠;,江南汽摩商行,江南汽摩商行位于中国广州，江南汽摩商行是一家摩托车各种配件、汽车行李架、汽车前后杠、汽车脚踏板、汽车...,13660718699,中国广东广州市白云区广州白云
ABS尾翼;铝合金尾翼;PU大包围;PP,广州车丽士汽车外饰件制造有限公司,广州车丽士汽车外饰件制造有限公司是一家专业汽车外饰件用品的生产厂家。我厂专业生产销售：PU/PP大/...,13411177890,中国广东广州市白云区太和镇谢家庄一社工业区
汽车大包围、定风翼、机盖、风口、中网、灯,广州市新天地汽车大包围制造厂,广州市新天地汽车大包围制造厂是汽车大包围、定风翼、机盖、风口、中网、灯眉、汽车定风翼、汽车机盖、汽车...,13826058884,中国广东广州市番禺区广州市番禺区金山工业园B2
生产PU（聚氨酯）外饰件;高品质汽车定风,广州鑫汽车配件有限公司,公司简介广州鑫汽车配件有限公司是专业从事汽车内外装饰精品，改装部品的设计，研发和销售的工贸公司，公司...,18688389718,中国广东广州市永福路45号
暂无数据,暂无数据,暂无数据,暂无数据,暂无数据
奔驰;宝马;大灯;中网;机盖;叶子板;水,广州市广园致友汽配城分场永兴汽配经营部,：广州市广园致友汽配城分场永兴汽配经营部位于中国广州市广园东路新致友汽配城B25档，广州市广园致友汽...,13160852208,中国广东广州市白云区广州市广园东路新致友汽配城B25...
大包围;定风翼;行李架;中网;其他汽车配,广州粤港大包围汽车用品厂,：广州粤港大包围汽车用品厂是一家经国家相关部门批准注册的企业广州粤港大包围汽车用品厂凭着良好的信用、...,15917411282,中国香港广州市番禺区番禺石基村金井大街24号
"实心轮胎,实心轮胎,工程子午线轮胎,胎压..",广州市朗琴轮胎有限公司,广州市朗琴轮胎有限公司于2009年在广州成立，致力于为港口、码头、堆场、矿山、工程、工厂提供工程工业...,18127967988,广州市天河区中成北路8号
"宽体包围,碳纤机盖,碳纤顶翼,碳纤尾翼",香港百胜商贸有限公司,本厂是一家专业设计高端汽车外观改装及专业生产各中高端，超跑汽车大包围、小包围、宽体包围、各种碳纤加装...,13922796610,暂无数据
"大小包围,叶子板,风刀,尾翼",香港百胜汽车改装用品有限公司,香港百胜汽车改装用品有限公司！...,13229318022,暂无数据
"汽车改装,碳纤,包围,套件",香港百胜汽车改装用品有限公司,香港百胜汽是一家专业设计汽车外观改装及专业生产各类汽车大小包围，定风翼，本厂具有pu　pp　abs　...,13570704364,暂无数据
"进口喷膜,喷漆,轮毂喷膜,车身改色膜",广州市澳朗汽车用品有限公司,"广州市澳朗汽车用品有限公司是一家最早科研开发汽车喷膜,有着丰富澜熟的制作技术配方，公司于2013年引...",15018755540,暂无数据
"电动踏板 固定脚踏板,套件大包围 尾翼,轮..",广州吉通汽车用品有限公司,广州吉通汽车配件有限公司是一家专业致力于服务SUV改装装饰品牌而成立的新型公司。公司集研发、生产、销...,18218499789,广州市越秀区永福路38号大院
暂无数据,暂无数据,暂无数据,暂无数据,暂无数据
"改装大包围,生产包围厂家,改装外观前杠后..",广州新世纪汽车改装用品有限公司,广州新世纪汽车改装厂：专业经营【生产】汽车大包围套件、我们公司以质量求生存、以诚信为基本、以优惠的价...,13632104800,广州市白云区钟落潭镇雅园新村C栋C2号107-108铺
"尾翼,中网,包围,晴雨挡",金瑞达汽车用品有限公司,广州金瑞达汽车用品有限公司是中国汽车外观升级与改造的先导，创立于2009年。  专业生产制造，汽车包...,13826265987,暂无数据
"止震板,隔音棉,吸音棉,丁基橡胶",广州卡宁隔音材料有限公司,本公司主营汽车用品隔音材料，建材隔音，保温材料。汽车止震板，止震垫，丁基橡胶材料，底盘装甲等.公司网...,13427552946,广州市白云区新市街大埔北街103号203房
一次性医疗器械 苏州晶乐广东总代理 浙,广州市亿飞医疗器械有限公司,"本公司系医疗器械消耗产品专业经营公司.公司总部在山东济南,经过十余年的销售努力现已在广州,上海...",暂无数据,广东省广州市
智能钥匙一键启动系统;无匙进入;一键启动,智能钥匙一键启动系统有限公司,"广州智能钥匙一键启动系统有限公司,是一家以采用国际水平的一键启动系统核心技术为平台，专门从事高科技、...",13710603009,中国广东广州市天河区广州永福路
亮键;汽车一键启动;汽车智能钥匙;汽车电,广州永集电子科技有限公司,广州永集电子科技有限公司，是一家专业从事智能化汽车电子产品研发、生产及销售的高科技民营企业产品远销美...,13710927007,中国广东广州市天河区迎龙路226号龙山工业园A2栋
HID;氙气灯;HID双光透镜;LED日,广州龙卡电子科技有限公司,广州龙卡电子科技有限公司是专业开发电源、电器高科技的一家著名公司.广州龙卡电子科技有限公司凭着良好的...,13600009567,中国广东广州市越秀区广东省广州市越秀区永福路35号永...
暂无数据,暂无数据,暂无数据,暂无数据,暂无数据
雨刮片;橡胶件;喷油嘴过滤网;滤清器;刹,广州市隆福汽配中心纽帝克汽车配件经营部,本公司成立于2007年公司主要从事汽车配件贸易工作，现有奔驰宝马富豪全车件供应，也提供...对滤清器...,13580514648,中国广东广州市越秀区广州市广源中路179号
汽车脚垫;立体脚垫;排气管;尾气罩;尾喉,广州市腾翔汽车用品有限公司,广州市腾翔汽车用品有限公司位于全国有名的汽车用品批发地广州永福路盛大国际汽车用品城以汽车脚垫、排气管...,13560416026,中国广东广州市番禺区永福路盛大国际广场
大包围皮革脚垫;超纤皮革脚垫;高边大包围,广州飞达汽车用品厂,广州飞达汽车用品厂位于中国广东省广州市越秀区永福路45号利远广场一楼大厅，广州飞达汽车用品厂是一家大...,18686613229,中国广东广州市越秀区广东省广州市越...利远广场一楼大厅
汽车大包围;IX35包围;I30包围;悦,广州泰隆汽车用品有限公司,广州泰隆汽车配件有限公司（）是一家设计生产PU材料空力套件汽车大包围的公司，专业专注经营北京现代汽车...,15812441440,中国广东广州市海珠区工业大道南金碧二期F4栋
汽车影音;显示屏;摄像头;喇叭/功放;吸,广州天河永福汽配城明发汽车用品行（销售部）,"州明汽音易商行是深圳市鼎航子有限公司在州其中一售部,主要售深圳鼎航子公司生的DVD,VCD&...",13824441819,中国广州市州市越秀区永福路45自编B座之9（13）挡
"包围,碳纤维内饰",广州徕硕汽车部件有限公司,暂无数据,13926033080,暂无数据
桃木方向盘、3D仪表板、排档锁、平面桃木,广州市捷登基汽车用品有限公司,专业生产汽车必须品的贸易公司,暂无数据,中国·广东省·广州市永福路45号利远广场五楼E023-24...
HID;LED灯;LED工作灯;LED工,广州市金�尔电子科技有限公司,广州市金尔科技有限公司，是一家集研发、生产制造、营销服务为一体的现代高新科技企业。公司以汽车用品产业...,暂无数据,中国广东广州市越秀区永福路35号永福中心
暂无数据,暂无数据,暂无数据,暂无数据,暂无数据
汽车电子;汽车u盾;一键启动;智能钥匙;,广州市启锐电子科技有限公司,广州市启锐电子科技有限公司是一家集电子产品研发.生产、营销为一体的高科技企业公司主要设计和生产汽车专...,18620025698,中国广东广州市白云区广州市增槎路18号西华园大厦703...
喷油嘴;氧气传感器;全车开关;电磁阀;传,广州浩天汽配有限公司,广州浩天汽配是一家专业的汽车配件批发企业，主营喷油嘴、氧气传感器、机油格、点火线圈，倒车雷达，电脑板...,15013028449,中国广东广州市天河区广州新市
大包围;中网;叶子板;侧裙;压尾;飞机翼,广州梁升望汽车大包围有限公司,广州梁升望汽车大包围有限公司是一家经国家相关部门批准注册的企业广州汽车包围梁升望有限公司(个体经营）...,13432987829,中国广东广州市白云区白云区太和
抗屏蔽防拆gps,广州海赢科技有限公司,暂无数据,13975619710,暂无数据
"碳纤产品,改装包围,排气,避震",广州市车讯汽车配件有限公司,广州市车讯汽车配件有限公司主营碳纤产品，包围，排气，避震等汽车改装产品，欢迎各位来电咨询了解！...,13719406878,暂无数据
"汽车配件,汽车外观件,大包围,小包围",广州德胜菲汽车改装配件有限公司,广州德胜菲汽车改装配件有限公司是一家自主设计，集研开发，各款车型外观饰品的生产销售公司，主要生产：欧...,13318731889,暂无数据
"英国ap,意大利brembo,英国alcon,日本endl..",广州赛驱改装贸易有限公司,本公司主营AP BREMBO  ALCON  EDNLESS刹车改装的批发与零售。我们从事刹车改装行...,15812485376,暂无数据
"汽车防盗器,汽车尾翼,汽车包围,汽车胎压器",广州市丽星汽车用品有限公司,广州丽星汽车用品有限公司（更名前为“广州丽星汽车用品厂”），在十多年的发展壮大中，秉承“以信誉争客户...,13929557149,暂无数据
暂无数据,暂无数据,暂无数据,暂无数据,暂无数据
"宝马,奔驰,奥迪,路虎",广州骏成贸易有限责任公司,广州骏成贸易有限责任公司　主要专注于国内外中、高端车型改装产品的研发和贸易，是中国汽车改装行业小有声...,18138755671,暂无数据
"智能学车,智能学车驾驶模拟器,驾吧加盟,..",广州鉅东网络科技有限公司,广州鉅东网络科技有限公司，是一家专业从事网络、软件、电子产品研发、销售和技术服务的高科技公司。公司针...,13710522070,暂无数据
"suv踏板,保险杠,车窗,灯罩",广州市凯诚汽车用品改装,"广州最专业经营越野汽车外观改装配件，为你提供SUV汽车专车专用装饰用品,最新款上市配件包括有:原厂前...",15013140437,暂无数据
"led汽车大灯,led汽车前照灯,led汽车头灯,..",广州市天盛电子科技有限公司,广州市天盛电子科技有限公司于2004年成立，是一家集研发、生产、销售为一体的高新科技公司。  公司主...,18988926443,广州市花都区炭步镇民安路自编11号之五C幢1（可作厂房使用）
"汽车隔音材料,隔音材料",广州市历霸汽车用品制造有限公司,历霸公司是专业汽车用品生产供应商，是全国汽车用品联合会理事单位，从2005年开始连续两届被评...,13580590279,广东省广州市荔湾区西塱工业三区19号之一
暂无数据,暂无数据,暂无数据,暂无数据,暂无数据
汽车改装用品;汽车进气系列;排气系列;动,神驹汽车改装用品有限公司,神驹汽车改装用品有限公司是汽车改装用品、汽车进气系列、排气系列、动力系列、外观系列等产品专业生产加工...,13725497959,中国广东广州市越秀区永福路45号广东永福国际C区514
汽车保险杠;奥迪Q7Q5;宝马踏板;奔驰,凌玉汽车用品有限公司销售公司,您现在的位置：凌玉汽车用品有限公司>商铺首页凌玉汽车用品有限公司坐落在工业发达的江苏省丹阳市界...,18603839198,中国江苏丹阳市广州江苏
底盘装甲;欧美达钥匙扣;防滑垫;大灯膜;,广州市越秀区丰泰汽车用品商行,广州市越秀区丰泰汽车用品商行经销批发的底盘装甲、欧美达钥匙扣、防滑垫、大灯膜、装饰风口、灯睫毛、香水...,13640867966,中国广东广州市越秀区广州永福路45号广东永福国际C区...
汽车外饰件;SUV外饰件;汽车用品;汽车,广州车堡汽车配件有限公司,广州车堡汽车配件有限公司是一家定位高端suv汽车配件研发生产的专业厂家，该公司创建与1989年，为股...,18927555729,中国广东广州市白云区广州市白云区大金钟路77号34
暂无数据,暂无数据,暂无数据,暂无数据,暂无数据
LED日行灯;HID氙气灯;倒车雷达;专,广州申凡电子有限公司,广州市澳锝林电子有限公司（申凡事业部）成立于1999年4月，是一家集研发、生产、销售为一体的节能环保...,13660700300,中国广东广州市白云区广州白云区联和鹤龙一路32号御丰...
超纤脚垫;高边皮革脚垫;大包围汽车脚垫;,广州福邦汽车用品有限公司,2013年度，福邦公司推出全包围超纤汽车皮革脚垫。2012年度福邦公司最新推出全包围皮革脚垫本公司专...,13510080693,中国广东广州市花都区新华三华工业区
专车专用防盗器;专车专用中控锁;专车专用,广州市众行汽车电器有限公司,公司秉承顾客至上，锐意进取的经营理念，坚持客户第一的原则为广大客户提供优质的服务欢迎惠顾主营：一键启...,13725280110,中国广东广州市白云区石马村七社工业区
一键启动;专车专用防盗器;关窗器;倒车雷,广州市众行电子科技有限公司,广州市众行电子科技有限公司是一键启动、专车专用防盗器、关窗器、倒车雷达、暗锁等产品专业生产加工的公司...,18620017377,中国广东广州市白云区均禾街石马七社工业区九幢二楼
暂无数据,暂无数据,暂无数据,暂无数据,暂无数据
"汽车外观件,踏板,行李架,尾喉",广州市路豹汽车改装有限公司,广州路豹汽车配件有限公司(www.lubaosuv.com)主要销售SUV外观改装件及内装饰汽车用品...,18027277010,永福路新华汽车用品展贸中心
暂无数据,暂无数据,暂无数据,暂无数据,暂无数据
"豪华suv电动踏板,suv脚踏板 前后杠,行李..",广州靓装汽车改装配件,广州靓装汽车改装配件(www.178suv.com)，创立于2006年3月，广州靓装汽车改装配件简称...,13926195901,暂无数据
"刹车改装,刹车片,刹车盘,德国hr防倾杆",广州乐奇商贸有限公司,广州乐奇商贸有限公司 主营意大利brembo，英国AP，德国HR等世界各大品牌  Brembo(布雷...,13826075315,广州
"汽车配件,大包围,外观空力套件",广州春勇汽车用品有限公司,香港领越春勇（国际）汽车改装用品——拥有雄厚技术实力的专业汽车改装件生产厂家。  集于各类汽车改装部...,18824135205,广州市越秀区恒福路155号益友（国际）汽配用品展贸中心二层B区..
"奔驰包围,宝马大包围,路虎大包围,保时捷..",广州鸿途汽车改装厂,主营奔驰、宝马、路虎、保时捷丰田等汽车改装大包围...,13662540856,暂无数据
暂无数据,暂无数据,暂无数据,暂无数据,暂无数据
"丰田改装件,改装用品",广州车恪思汽车配件有限公司,"车恪思汽车配件有限公司
联系电话：0086-13672474427
网站https://shop...",13672474427,广州市天河区林和西横路219号15楼自编1529房（仅限办公用途）
"汽车改装包围,汽车排气改装,汽车避震改装..",广州燃典汽配贸易有限公司,广州燃典汽车贸易有限公司成立与2014同年10月奥地利排气品牌REMUS、赛百灵、ACR加盟本公司成...,18520201228,广州市白云区永平街丛云路816号三楼A306室
"原车屏导航升级,行车记录仪,gps导航,倒车..",广州市番禺区市桥岳骏汽车配件店,广州丽影汽车影音中心成立于2005年，位于中国最繁华的汽配天堂--广州，专业从事奔驰/宝马/奥迪/卡...,18588525176,富华东路360
"语音芯片,汽车限速器,叉车限速器,胎教仪",广州市九芯电子科技有限公司,广州市九芯电子...,15384492842,广州天河区沐陂西街十八号大院C区507
暂无数据,暂无数据,暂无数据,暂无数据,暂无数据
"汽车用品,汽车配件,机油,汽车饰品",广州御途网络技术有限公司,御途网（www.iyutu.cn）是专业的汽车用品销售网站，主营汽车饰品、车载电器、美容清洗、安全周...,13226550810,广州市海珠区聚德路299号301自编305房
暂无数据,暂无数据,暂无数据,暂无数据,暂无数据
汽车改装、装配、维修（持有效许可证方可..,广州市黄埔汽车改装厂,"广州市黄埔汽车改装厂位于广东省广州市黄埔区大沙镇横沙广深铁路北面地段 ,是一家联营企业。本公司秉承“...",暂无数据,广州市黄埔区大沙镇横沙广深铁路北面地段
碳纤制品尾翼;机盖;裙边;大小包围;尾箱,佳博汽车改装制品有限公司,佳博汽车改装制品有限公司是碳纤制品尾翼、机盖、裙边、大小包围、尾箱盖、灯眉、排挡头、汽车用品、赛车座...,18602013129,中国广东广州市白云区钟落潭镇
真皮椅套;仿皮椅套;布艺椅套;真皮海棉;,广州市增城永达汽车用品厂,广州市增城永达汽车用品厂创建于1986年，位于广汕公路旁广州市增城朱村街佳景工业区内，占地13800...,13802538208,中国广东广州市越秀区永福路倚云汽车用品广场B108-B...
汽车外饰件 行李架 脚踏板 大包围,广昌汽车配件有限公司,"本公司坐落于中国广东省广州市,欢迎惠顾.",02034800061,广州
暂无数据,暂无数据,暂无数据,暂无数据,暂无数据
汽车大包围;尾翼;汽车小包围;排气管;汽,广州非凡汽车包围厂,广州非凡汽车包围厂是一家汽摩及配件的企业，是经国家相关部门批准注册的企业主营大包围/包围/尾翼，公司...,15989001811,中国广东广州市石基镇白水坑工业区第七厂房
汽车装饰件;汽车用品;汽车配件;汽车精品,高州市纯惠汽车装饰用品店,广东纯惠车饰用品商行位于全球最专业汽配用品采购商圈广州市越秀区永福路45号永福汽配城F101档，是一...,13802387437,中国广东广州市越秀区中国广东省广州...永福汽配城F101档
汽车大包围;汽车尾翼;汽车机盖;灯眉;行,新炫动改装大包围厂,"新炫动改装大包围厂是汽车大包围、汽车尾翼、汽车机盖、灯眉、行李架、等等产品专业生产加工的个体经营,公...",15220014121,中国广东广州市白云区汽车大包围；尾翼；机盖；等.
HID进口安定器;原装飞利浦灯泡;双光透,广州众华汽车照明商行,广州市众华汽车照明商行位于广东广州市越秀区，主营汽车饰品，改装件，原装进口灯泡、汽车饰品等公司秉承顾...,13725121538,中国广东广州市越秀区广州市永福路永福路38号大院05档
暂无数据,暂无数据,暂无数据,暂无数据,暂无数据
目标公司专门为广州本田汽车有限公司生产汽,广州大友汽车座椅有限公司,"广州大友汽车座椅有限公司位于广东省广州市黄埔区南岗沧联要十二社 ,是一家外资企业。本公司秉承“顾客至...",暂无数据,广东省广州市经济技术开发区东区东鹏大道59号
汽车一键启动;HID氙气大灯;车载摄像头,东边电子科技有限公司,广州东边电子科技有限公司坐落于国际皮革皮具城，汽车产业基地的广州市花都区这是一家成立于2009年，并...,13535572858,中国广东广州市花都区雅瑶镇岑镜西路5号
汽车音响;汽车隔音材料;汽车喇叭;汽车功,广州市田金汽车用品有限公司,广州市田金汽车用品有限公司是一家集研发、生产、销售一体的综合性公司公司创建于2002年9月（原名金田...,13560311170,中国广东广州市越秀区广州市广园东路1933号102
暂无数据,暂无数据,暂无数据,暂无数据,暂无数据
"气囊打气泵,气囊悬挂修理,减震气囊",广州市巴里源源汽车减震科技有限公司,广州巴里源源汽车减震科技有限公司是气囊悬挂减震器、气囊打气泵、气囊悬挂修理包、减震气囊、汽车气动避震...,18826278288,暂无数据
"汽车内饰,汽车改装",广州金拳头皮革制品有限公司,本店从事汽车真皮座椅改装10余年，拥有专业的生产安装团队、分工合作、不断提高效率，现在为了开拓网络市...,13925199589,白云区翰云路471号a402
"包围,排气,碳纤维饰品,贴膜",广州市徕硕汽车部件有限公司,在千禧年到来之际，“BFB”迎着国家给予汽车碳纤维制品行业扶持的春风，重金投入引进国外先进设备，义无...,18826672293,广州市白云区白云大道北113号广州市新广从汽车配件交易市场内..
"汽车包围,汽车轮毂,汽车排气",广州骏成贸易有限公司,作为华南区巴博斯代理：骏成贸易轮毂，包围套件现货供应！还有宝马市场热销性能“MKL”品牌三元催化等你...,18138755481,暂无数据
暂无数据,暂无数据,暂无数据,暂无数据,暂无数据
"包围,轮毂,刹车,排气",广州易龙汽车改装配件有限公司,CSS易龙汽车改装，成立于2008年，位于中国广东省广州市，是一家集各类改装部件研发、生产及销售一体...,13926162295,暂无数据
"汽车音响,汽车音乐配件,汽车隔音,汽车音..",沃富林（北京）汽车服务连锁有限公司,沃富林汽车服务连锁有限公司（WOLFREEAV.COM）创建于2002年，是一家以汽车音响升级为核心...,13660269422,沃富林（北京）汽车服务连锁有限公司广州萝岗分公司
"汽车配件,改装,包围,碳纤",广州徕格汽车部件有限公司,本公司主要经营保时捷、宝马、捷豹、玛莎、奔驰、路虎一系列豪车的改装。主营产品：大小包围、碳纤维内外饰...,13533404394,广州市白云区白云大道北113号
"汽车限速器,卡车限速器,叉车限速器,车辆..",广州市双宝电子科技有限公司,广州市双宝电子科技有限公司是一家专业从事车载超速报警器、车载限速器及车辆安全管理系统的研发、生产及销...,13691912139,广州黄埔夏园石场路2号
暂无数据,暂无数据,暂无数据,暂无数据,暂无数据
"汽车灯饰,汽车内饰,汽车外饰,汽车led灯",广州凡谷贸易有限公司,广州凡谷贸易有限公司，拥有完整、专业的研发生产团队及科学的质量管理体系。主要经营汽车LED灯、导光灯...,13570518695,广州市天河区渔西路4号202（仅限办公用途）
"汽车配件,原装拆车件",广州顺丰汽配商行,本店经营：奔驰 宝马 路虎 捷豹 保时捷 奥迪 凯迪拉克 整车拆车件.电话020-29828818....,13590379898,暂无数据
"包围改装,电动踏板,行李架,前后杠",广州豪野汽车配件有限公司,"广州豪野汽车用品有限公司位于永福路，坐拥汽配城得天独厚的地理优势。公司始终坚持""诚信经营、...",13922198228,广州市越秀区永福路38号
暂无数据,暂无数据,暂无数据,暂无数据,暂无数据
"汽车零件,汽车改装",广州豪野汽车配件有限公司,本公司为汽车4S店，汽车改装店、汽车维修店提供最专业、最优质的产品及技术服务。依托互联网平台，专业致...,13922198228,广州越秀区永福路44
"电动踏板,固定踏板,行李架,轮毂等外饰件",广州车垒汽车配件改装有限公司,广州东创汽车配件有限公司，是一家专业从事汽车踏板、行李架、前杠、后扛、尾翼、包围等汽车外饰改装件的设...,13808842380,天河区
"suv行李架,全景行车记录仪,电动踏板,前后..",广州驰昌汽车配件有限公司,广州驰昌汽车配件有限公司（前兴源配件有限公司）成立于2006年，公司拥有一支专业的设计和制造队伍，能...,15999900153,广州市白云区上径路3号
"云动力节能器,云n3号,醇燃宝",广州利确节能科技有限公司,广州利确节能科技有限公司  广州利确节能科技有限公司，是一家专注于能源（包括交通能源、工业能源、商用...,15915915391,广州市天河区广州化工城H座二层H235A
暂无数据,暂无数据,暂无数据,暂无数据,暂无数据
"汽车改装大小包围,尾翼,中网,机盖",东莞大朗福来汽车配件销售部,东莞福来汽车改装是一家根据：国际社会潮流，自主设计，集研开发，各款车型外观组件的生产销售工厂。主要生...,15118885978,暂无数据
"电动踏板 脚踏板,行李架 前后保险杠,前后..",广州路虎汽车改装用品,广州路虎汽车用品改装有限公司于2006年在广州成立，公司专研于国际顶级品牌SUV越野汽车改装行业，集...,15902027722,广州市越秀区永福路
"电动踏板,套件大包围,固定脚踏板,前后杠 ..",广州吉通汽车改装配件贸易公司,广州吉通汽车配件有限公司是一家专业致力于服务SUV改装装饰品牌而成立的新型公司。公司集研发、生产、销...,18218499789,暂无数据
"踏板,前后护板,包围,行李架",广州路豹汽车配件有限公司,"广州路豹汽车配件有限公司(www.lubaosuv.com)业内领先、专业的汽车改装配件服务提供商,...",18027277010,广州越秀区广园东路1933号
暂无数据,暂无数据,暂无数据,暂无数据,暂无数据
康明斯发动机;增压器HOLSET;康明斯,广州市元岗汽车配件市场嘉宾汽配经营部,广州市元岗汽车配件市场嘉宾汽配经营部是一家汽摩及配件的企业，是经国家相关部门批准注册的企业。主营美国...,13503084399,中国广东广州市天河区广汕路元岗汽车配件市场A-05档
SUV汽车改装配件;suv大包围;SUV,广州市曼龙贸易有限公司,广州市曼龙贸易有限公司位于中国广州市番禺区市桥街富华东路204号二楼，广州市曼龙贸易有限公司是一家汽...,13928800591,中国广东广州市番禺区广州市番禺区市桥街富华东路204...
汽车护杠;汽车排气管;汽车灯罩;汽车车架,巫商汽车用品有限责任公司,巫商是一家经国家相关部门批准注册的企业巫商凭着良好的信用、优良的服务与多家企业建立了长期的合作关系巫...,13505411995,中国广东广州市番禺区园前大街13号后面
汽车用品;汽车改装件;汽车配件;,广州裕诚改装用品经营部,广州裕诚改装用品经营部是一家汽摩及配件的企业，是经国家相关部门批准注册的企业主营汽车用品、汽车改装件...,18925103250,中国广东广州市越秀区广州市永福路利远广场5楼E042档
暂无数据,暂无数据,暂无数据,暂无数据,暂无数据
硅胶管;硅胶水管;加厚水箱;中冷器;油冷,智赛汽车零配件有限公司,广州市智赛汽车零配件有限公司，其前身是智德汽车配件有限公司，成立于2007年5月份，是一家专业生产汽...,13609793073,中国广东广州市白云区石槎路338号
汽车脚垫;皮革汽车脚垫;高边脚垫;大包围,广州壹心汽车用品厂,广州壹心汽车用品厂成立于2008年，是专业生产加工皮革，毛毯高边大包围专车专用汽车脚垫的私营独资企业...,13697487458,中国广东广州市花都区广州花都区杨屋工业二村
"后视镜,模具,插座配件, 汽车零配件,密",广州市增城弘明模具制品厂,本公司位于广东省增城市新塘镇永和新新公路长岗小学对面 ，主营 后视镜，模具，插座配件， 汽车零配件，...,暂无数据,广东省增城市新塘镇永和新新公路长岗小学对面
汽车座椅;汽车配件;五金制品;皮革制品,广州市恒通汽车座椅有限公司,"广州市恒通汽车座椅有限公司是汽车座椅、汽车配件、五金制品、皮革制品等产品专业生产加工的有限责任公司,...",暂无数据,中国广东广州市白云区广州市白云区
暂无数据,暂无数据,暂无数据,暂无数据,暂无数据
氙气灯;汽车LED灯;日行灯;迎宾灯;一,广州星程电子科技有限公司,广州星程电子科技有限公司是氙气灯、汽车LED灯、日行灯、迎宾灯、一键启动、摩托车氙气灯、LED灯条等...,15918882259,中国广东广州市越秀区永福路南方永福国际B02
大包围、倒车雷达、防盗器、汽车精品;LE,广州开隆汽车用品有限公司,广州开隆汽车用品有限公司位于广东广州市，主营大包围、倒车雷达、防盗器、汽车精品等。公司秉承“顾客至上...,13610188183,中国广东广州市广州市永福路45号隆福汽配城
汽车LED灯泡;汽车LED改装件,北京五方嘉利达汽车装饰中心,广州市白云区广州嘉利LED灯饰经销批发的LED大功率灯泡、LED大功率改装件、爆闪灯、鹰眼灯、一系列...,13902246260,中国广东广州市白云区黄石东路江夏村
暂无数据,暂无数据,暂无数据,暂无数据,暂无数据
"大包围,机盖",广州创新汽车改装用品股份有限公司,广州新创新汽车改装用品有限公司是 一家专业生产汽车大包围空力套件、定 风翼、行李架、碳纤系列产品的厂...,15918549809,暂无数据
一键启动;解码器;无钥匙点火;防盗器;,广州市唯特汽车用品有限公司,企业简介广州唯特汽车用品有限公司是一家集设计、研发、生产、销售防盗报警器的综合性公司，我公司自主研发...,18688409030,中国广东广州市越秀区广州市越秀区广东永福利远分场C...
"大包围,引擎盖,定风翼,扰流板,灯眉,灯",广州博得汽车用品有限公司,本公司位于中国.广东省.广州市.越秀区广州市越秀区永福路45号利远广场3楼C010-C011，主营 ...,13431027524,中国.广东省.广州市.越秀区广州市越秀区永福路45号利...
布艺车用品;汽车小精品;等等汽车用品;头,广州市越秀区明盛汽车用品商行,广州明盛汽车用品商行主营布艺车用品、太阳能天线、汽车儿童座椅、汽车小精品、等等汽车用品、头枕、腰垫、...,15989250490,中国广东广州市越秀区永福路45号广东永福国际汽车用区...
暂无数据,暂无数据,暂无数据,暂无数据,暂无数据
汽车大包围;尾翼;机盖;灯眉;叶子板;等,广州新炫动改装大包围厂,广州新炫动改装大包围厂是一家经国家相关部门批准注册的企业广州新炫动改装大包围厂凭着良好的信用、优良的...,13725163858,中国广东广州市白云区广州白云区太和夏良6组荔枝园
"智能电动尾门,双杆电吸",佛山典威科技有限公司,佛山市典威汽车科技有限公司成立于2013年，是一家专业从事汽车智能科技产品的研发、生产、销售于一体的...,13332882854,暂无数据
大小包围;定风翼(尾翼);灯眉;中网;,广州市越秀区皇家汽车改装配件商行,广州市越秀区皇家汽车改装配件商行位于中国广州市越秀区永福路79号倚云广场三期F321，广州市越秀区皇...,13418862264,中国广东广州市越秀区永福路79号倚云广场三期F321
方向盘套;汽车尾翼;中网;汽车用品类;汽,博科汽车用品有限公司,博科汽车用品有限公司是一家汽摩及配件的企业，是经国家相关部门批准注册的企业主营方向盘套、汽车尾翼、中...,暂无数据,中国广东广州市番禺区钟村镇好世界大街30号
暂无数据,暂无数据,暂无数据,暂无数据,暂无数据
硅胶管;硅胶防爆上下水管（水喉）、;硅胶,广州捷希汽车配件有限公司,专业生产高强度硅胶管接头（中冷器硅胶管接头）、各车型硅胶防爆上下水管（水喉）、进气肥肠、全车发动机硅...,15975629557,中国广东广州市番禺区趣园
大包围;尾翼;顶吧;中网;风口;缓冲胶;,广州酷炫汽车用品有限公司,广州酷炫汽车用品有限公司位于中国广东省广州市天河区沙太南路85号C108，广州酷炫汽车用品有限公司是...,13533120356,中国广东广州市天河区沙太南路85号C108号
暂无数据,暂无数据,暂无数据,暂无数据,暂无数据
"hid氙气灯,双光透镜,安定器,日行灯",广州市安亿仕汽车配件有限公司,广州安亿仕汽车配件有限公司    ，商标为“AES”，成立于2002年，是一家专营汽车精品出口、汽车...,18924079025,暂无数据
"改装,油漆,底漆",赛道（广州）汽车科技,• 赛之道（香港）汽车科技有限公司，是一家专注于汽车产品的设计、研发、销售、服务为一体的现代化创新公...,13535590385,暂无数据
"汽车包围,保险杠,汽车改装,排气管",车名汇汽车改装厂,车名汇是一家专门针对中；高端汽车用户并进行私人定制的专业服务公司。主要经营：外观包围；排气管；碳纤内...,13078822769,暂无数据
"软硅胶灯,泪眼导光条,软鹰眼灯,爆闪灯",广州博星汽车用品有限公司,博星汽车用品有限公司，本公司多年研发汽车LED日行灯，包括软硅胶灯，导光条，鹰眼灯，COB氛围灯，爆...,15818154513,广州市越秀区恒福路155号益友（国际）汽配用品展贸中心三层A区..
暂无数据,暂无数据,暂无数据,暂无数据,暂无数据
"刹车卡钳改装,卡钳升级,刹车卡钳改装升级",广州永盛制动有限公司,进出口贸易公司，主营AP brembo alcon刹车套件批发销售...,18802001643,暂无数据
"脚踏,大包围,行李架,电动踏板",公牛汽车装饰,"自成立以来,一直秉承“品质第一,服务至上”这始终如一的经营理念；以“顾客就是上帝”为宗旨；以“质量求...",18520227725,暂无数据
"汽车改装,飞度改装包围,本田改装,各类改装",广州市速铂特汽车用品有限公司,本公司从事汽车改装行业。主要是销售改装中网。还有其他改装包围等。。如有想要了解的朋友可以点开我的资料...,15907530161,广州市越秀区永福路89号大院3号101房（自主申报）
"大包围,尾翼,碳纤内饰",广州波志汽车配件有限公司,"广州波志汽车配件有限公司 。是专做路虎，捷豹 PP包围 尾翼,碳纤内饰 的厂家。       联/系...",13632349476,广州市越秀区永福路40号盛大国际汽车用品交易广场三层自编号C0..
暂无数据,暂无数据,暂无数据,暂无数据,暂无数据
"尾气分析仪,蓄电池检测仪,空燃比分析仪,c..",广州智维电子科技有限公司,广州智维电子科技有限责任公司是一家从事汽车测控和工业自动化测量设备行业的高科技公司。公司以“用科技做...,13580417912,广州市天河区华观路1933号303房(不可作厂房使用)（仅限办公用..
"汽车大包围,汽车尾翼,汽车机盖,汽车排气管",新饰代汽车改装包围,新饰界汽车改装大包围公司成立于2011年8月8号，主要经营各种汽车改装大包围、尾翼、机盖等，。公司一...,13924234364,暂无数据
座垫、座套;大巴座椅套;轮船座椅套;火车,广州市震天汽车座椅有限公司,广州市震天汽车座椅有限公司是座垫、座套、大巴座椅套、轮船座椅套、火车座椅套、汽车座椅套等产品专业生产...,暂无数据,中国广东广州市番禺区大石镇礼村南路一号之一3楼
汽车方向盘套;座椅套;抱枕;颈枕;腰枕;,广州晶茂汽车精品有限公司,广州晶茂（原金茂）汽车精品有限公司成立于1997年是集生产销售为一体的汽车用品有限公司本公司主要生产...,13556171086,中国广东广州市广州市永福路40号盛大国际五楼E10档
针刺棉;硬质棉;热风棉;PK棉;无胶棉;,广州和立斯化纤制品有限公司,"广州和立斯化纤制品有限公司成立于2011年,拥有国内先进的生产线,技术力量雄厚,生产工艺先进,主营产...",18620141663,中国广东广州市白云区广州市白云区钟落潭镇白沙村白沙...
汽车空力套件（汽车包围） 汽车大包围,广州唐蒙贸易有限公司,广东顺德《东望阳汽车配件厂是一家主力推动中国汽车改装文化的汽车空力套件生产厂家，集开发设计.生...,暂无数据,中国 广东 广州
"汽车内饰改装,汽车外饰改装,汽车电子产品",广州亿智汽车用品有限公司,广州亿智（科阳）汽车用品有限公司成立于2001年9月，是一家集研发，生产，销售于一体的汽车外饰件企业...,15692018532,暂无数据
"车载充电器,莱音能量宝,车载行车记录仪,..",广州玖荣电子有限公司,莱音控股集团有限公司是广州白云区龙归民营高新科技企业，旗下拥有广州玖荣电子有限公司、广州途胜电子科技...,13926268554,广州白云区龙归北太路22号
缤智xr-v行李架,广州浩东机电有限公司,主营汽车内外饰品装置...,18617388648,暂无数据
点火线圈;水泵;电喷油嘴;水电机;电器开,广州全诚汽车零部件有限公司,广州全城汽车零部件有限公司成立于2008年3月，公司主要生产点火线圈、水泵、电喷油嘴、涨紧轮、水电机...,13697411318,中国广东广州市越秀区广州市广园东路（新致友汽配城）...
"改装大包围,进口排气,碳纤维内饰,碳纤维..",广州尚捷路汽车改装用品有限公司,广州尚捷路汽车改装用品有限公司，公司注册资本未知，我公司的办公地址位于中国的南大门羊城广州，白云大道...,15820207165,暂无数据
"汽车零配件,汽车座椅套,汽车音响设备,机..",广州新征途汽车改装有限公司,广州新征途汽车改装用品厂（公司网址：www.gzqcgz.com）位于中国广东省广州市，是一家集各类...,18983573965,暂无数据
暂无数据,暂无数据,暂无数据,暂无数据,暂无数据
"汽车包围,汽车碳纤维尾翼,汽车碳纤维镜罩..",广州朗煜汽车配件有限公司,广州朗煜汽车配件有限公司是一家集汽车碳纤维改装配件的研发、生产、销售于一体的企业，致力于为广大改装客...,18602013129,广州市白云区钟落潭镇广从五路491号钟港商城(钟港美居中心)第B..
"叉车限速器,汽车限速器,人体感应语音提示..",广州九芯电子科技有限公司,广州市九芯电子科技有限公司创立于广州市高新技术开发区广州科学城，公司总部设在广州科学城，是一家专注于...,13076775605,暂无数据
"保险杠,脚踏板,行李架,亮条装饰件",广州鹰豪汽车配件有限公司,广州鹰豪汽车配件有限公司，2012年成立于永福路，主营SUV精品改装，提供一站式服务的电子商务平台，...,13570293635,广州市工商管理局
"大包围,机盖,尾翼,排气管",宇飞汽车改装包围,宇飞汽车改装大包围公司成立于2010年8月8号，主要经营各种汽车改装大包围、尾翼、机盖等，公司秉承 ...,13760631708,广州市白云区永平街道东平村东平北路
"汽车前后杠,脚踏板 行李架",广州优尚改装汽车用品有限公司,广州优尚车饰成立于2010年，我们以用户的需求为导向，凭借着“精益求精、追求完美品质”的经营理念，致...,13826225316,暂无数据
尾翼;易损件;汽车急件全国快送;发动进下,广州市白云区石井元靖汽车配件商行,销售丰田系列前后保险杆，大灯，尾翼，尾喉易损件，广州市元靖汽车配件有限公司，业务QQ：1005623...,18927530809,中国广东广州市白云区广州市越秀区广园东路号大院内即...
改装件;汽车用品;汽车配件;避震;刹车;,鸿治汽车用品商行,鸿治汽车用品商行位于中国广州市永福路45号(自篇恒区62号)，鸿治汽车用品商行是一家改装件、汽车用品...,13826162138,中国广东广州市越秀区广州市永福路45号自篇恒区62号
"电动尾门,音像",广州众怡电子科技有限公司,美车达影音主营原车汉化（改中文菜单原厂中文导航）、原厂主机（小屏换大屏）、原车屏升级触摸手写导航、数...,13610203498,暂无数据
"ap brembo刹车套件,remus hks排气管,kn s..",广州市白云区景泰佐岸汽车用品商行,本公司主营的产品：AP/BREMBO/ALCON/AMG/高性能刹车套装、ZAGS后鼓改碟刹套装 F...,13428854934,广州市白云区广园中路633号自编9号铺
"suv踏板,suv护板,suv行李架,suv尾翼",广州市（梁小姐）汽车用品库,广州市LiangWR汽车用品库 ，是一家汽车改装用品代理分销点，主营SUV(Sport Utilit...,13662531084,广州市广园东路浦涧路80号一楼
"车载保险箱,汽车安全箱,车用密码箱",广州车无忧车载保险箱有限公司,车无忧团队，由汽车用品行业与保险箱行业的设计与营销精英、以及电子商务的营销顶类高手组建而成，是一家专...,15800223360,暂无数据
前后护板侧踏板行李架大小包围改装尾翼挡..,广州启淏贸易有限公司,广州启淏汽车配件有限公司成立于2009年，我们以用户的需求为导向，秉持着“服务创造价值”的理念，专业...,13005122216,广州市白云区鹤龙街鹤边五社通达创意园15号511房
汽车改装大包围,新创意汽车改装配件厂,高科技专业真空技术碳纤维，玻璃钢，大包围，机盖，中网，尾翼，包碳纤维等等，，，，联系电话；13544...,13544401158,暂无数据
暂无数据,暂无数据,暂无数据,暂无数据,暂无数据
汽车包围和尾嘴,广州市达标汽车改装配件有限公司,广州达标汽车改装配件有限公司是一家专业研发、生产及销售豪华汽车配件升级改装配套与服务的公司。我们专注...,13302494533,暂无数据
主营越野外装饰件，加装件，改装件等等更..,广州车垒汽车配件改装有限公司,广州车垒汽车配件有限公司，是一家专业从事汽车踏板、行李架、前杠、后扛、尾翼、包围等汽车外饰改装件的设...,13560458890,广州市天河区伍仙桥新街120号
"碳纤机盖,碳纤尾翼,轮毂",广州易龙汽车配件有限公司,CSS易龙汽车改装，成立于2008年，位于中国广东省广州市，是一家集各类改装部件研发、生产及销售一体...,15018464049,麓苑路1号
汽车改装件 装饰件 电镀件,广州迪宝汽配贸易公司,广州利奥汽车改装用品装饰配件网           广州利奥汽车改装用品装饰配件网成立于2001年，...,13480221843,暂无数据
暂无数据,暂无数据,暂无数据,暂无数据,暂无数据
电动踏板 脚踏板 前后杠  行李架,广州友朋汽配,广州友朋汽车改装配件有限公司是一家集研发，生产，销售及改装为一体的大型企业，成立于2006年，我们以...,13926195901,暂无数据
原车屏升级，倒车轨迹,铭车影音改装,销售宝马、奔驰、奥迪等原车屏升级、倒车轨迹、导航、蓝牙电话等产品无损安装...,13556059311,暂无数据
研发，生产，销售汽车安全电子产品,广州市一谷电子有限公司,公司简介：    广州市一谷电子有限公司旗下有三家的专业分管机构：1.广州市泰谷汽车电子有限公司 2...,13631400104,广州市番禺区石基镇金山村华创动漫产业园C12栋三楼之一
网络、软件、电子产品研发、销售和技术服务,广州鉅东网络科技有限公司,广州鉅东网络科技有限公司是一家专业从事网络、软件、电子产品研发、销售和技术服务的高科技公司。公...,18825114858,暂无数据
暂无数据,暂无数据,暂无数据,暂无数据,暂无数据
"脚踏板,前后杠,行李架,大包围",广州达程汽车改装配件贸易公司,广州达程汽车改装配件批发，成立于2010年底，是一家专业为保时捷卡宴、奔驰、宝马、奥迪、路虎、斯巴鲁...,13922322590,广东市越秀区
"汽车大包围改装件,汽车配件,汽车维修,汽..",广州曼狄卡汽车配件有限公司,广州曼狄卡豪车升级改装经营车型品牌：法拉利、兰博基尼、玛莎拉蒂、宾利、保时捷、宝马、奔驰、奥迪、路虎...,13928870544,广州市番禺区东环街蔡二工商业区中心路1号
专用一体化氙气灯、安定器、专用日行灯、..,广州佰富隆汽车用品有限公司,广州佰富隆汽车用品有限公司、广州佰富隆电子科技  有限公司是佰富隆（中国）投资有限公司属下企业，  ...,18998358290,广州市白云区大金钟路明珠中街1-5号（单号）首层、明珠南街2-1..
轮胎,广州宝森轮胎批发有限公司,广州宝森轮胎批发有限公司是一家专业批发轮胎销售.主营经营品牌为普利司通轮胎 米其林轮胎 马牌轮胎 朝...,15626109439,暂无数据
暂无数据,暂无数据,暂无数据,暂无数据,暂无数据
福莱特音响,广州市欧牌电子有限公司,企业简介  广州市欧牌电子有限公司是专业研发、生产和销售汽车音响的一家企业 ，产品涵盖低、中、高等多...,13929552931,广州市白云区钟落潭镇金盆安乐路高岗街10号
电动踏板，前后保险杠，行李架，排气管等..,广州车佳兴汽车配件有限公司,"广州车佳兴汽车配件有限公司  成立于2008年，自成立以来,一直秉承“品质第一,服务至上”这始终如一...",13416310002,暂无数据
汽车用品,广州光戈汽车用品有限公司,"我们品牌在中国地区创立于2009年, 目前公司已拥有注塑,五金,模具,装配专业车间,公司自创立以来与...",13751761982,暂无数据
汽车减震器缓冲胶，避震减震胶，弹簧缓冲胶,汽车减震器弹簧缓冲胶批发,广州市鼎丰汽车用品有限公司创立于2010年，是一家集汽车用品研发、生产、营销、服务于一体的多层次全面...,18025714339,暂无数据
暂无数据,暂无数据,暂无数据,暂无数据,暂无数据
关窗器,广州丫丫汽车电子有限公司,公司简介公司简介公司简介公司简介公司简介...,18902088888,永福路45号
大、小包围，尾翼，中网，行李架，机盖,广州达标汽车改装配件有限公司,中国首家通过汽车改装配件注册项目有限公司  广州达标汽车改装配件有限公司 遵循工业精神的原则 没有完...,18102629501,广州市白云区白云大道北231号C204-1
汽车日行灯，汽车香水，,广州龙煌汽车用品有限公司,广州龙煌汽车用品有限公司创立于2010年，是一家集汽车用品研发、生产、营销、服务于一体的多层次全面型...,15902066140,暂无数据
汽车改装MAX，MAX点火 MAX动力，MAX增强,台湾美克斯赛车服务有限公司,臺湾美克斯服务有限公司，是壹家集科研和生产为壹体的专业点火增强器制造商。凭借可靠的产品质量和优质的服...,13763375052,广东广州市天河区广汕路中元广场88号
主要生产中高端品牌车型的高压注塑PU大包围,荣戴汽车改装用品有限公司,广州荣戴汽车改装用品有限公司主要生产中高端品牌车型的高压注塑PU大包围，    如：奔驰、奥迪、路虎...,15812441440,暂无数据
汽车大包围，踏板，排气，轮毂钢圈，行李..,广州东图汽车改装,"东图汽车改装配件公司,是一家集汽车配件销售和汽车改装于一体的专业化企业。本公司的主要服务对象为4S店...",18026367660,暂无数据
后视镜，导航,广州酷博汽车用品有限公司,可视倒车影像系统，GPS定位器，DVD导航，头枕DVD，车载后视镜显示器，摄像头，倒车雷达...,13763090136,广州市越秀区永福路40号盛大国际汽车用品交易广场六层F23档
"广告机,车载显示器,车载广告机,监视器",广州万良电子有限公司,广州万良电子有限公司专业生产制造背挂广告机、网络广告机、车载广告机、车载显示屏、地铁广告机、触摸式一...,18666085729,广州市天河区龙洞龙山工业园
暂无数据,暂无数据,暂无数据,暂无数据,暂无数据
汽车改装配件,东图汽车改装配件有限公司,"东图汽车改装配件有限公司,是一家集汽车配件销售和汽车改装于一体的专业化企业。本公司的主要服务对象为4...",18927517139,广州市天河区广州大道北
汽车LED车灯，LED宝马天使眼，LED日行灯..,广州市越秀区志泰晶科汽车用品商行,广州志泰光电有限公司是LED车灯专业制造商，公司成立于2007年，集研发、生产、销售、服务于一体的高...,13631384665,广州市越秀区永福路35号之二南方永福国际汽车用品广场首层132-..
"suv外饰件,脚踏板,行李架,门槛条",广州越华汽配有限公司,"自成立以来,一直秉承“品质第一,服务至上”这始终如一的经营理念；以“顾客就是上帝”为宗旨；以“质量求...",13826277972,广州市越秀区广园东路1933号212
"点火线圈,玻璃升降器开关,雨刮开关,倒车..",广州市越秀区永升源汽配商行,"永升源汽车配件  品牌 本公司坐落于中国广东省广州市,专业开发销售汽车玻璃升降器开关，大灯开关，雨刮...",13302267063,广州市越秀区云泉直街壹号403房（仅限办公使用）
暂无数据,暂无数据,暂无数据,暂无数据,暂无数据
经销、代理,广州睿卡汽车配件有限公司,广州睿卡汽车配件有限公司成立于2002年，是一个集模具设计，制作，产品研发，生产，销售于一体的综合性...,13926274141,广州白云区园夏村关海街4号
"主营越野外装饰件,suv踏板,电动踏板,等等..",广州车垒汽车配件有限公司,广州车垒汽车配件有限公司，是一家专业从事汽车踏板、行李架、前杠、后扛、尾翼、包围等汽车外饰改装件的设...,13609099538,广州市天河区伍仙桥新街120号
汽车改装|汽车大包围,保时捷卡宴改装,新征途汽车www.car-gzc.com改装是中国首家针对中；高端汽车用户进行私人专业定制服务的公司...,13078822769,暂无数据
飞利浦氙气灯（疝气灯）,氙气灯（疝气灯）贸易有限公司,广东省科雷诺汽车用品有限公司创立于2010年，是一家集汽车用品研发、生产、营销、服务于一体的多层次全...,13715713442,暂无数据
暂无数据,暂无数据,暂无数据,暂无数据,暂无数据
专业生产LED工作灯，安定器，氙气灯,广州旭之日电子科技有限公司,"广州市旭日电子科技有限公司于2004成立, 占地面积3000亩，员工400人， 研发生产基地坐落于中...",15521046928,暂无数据
轮毂改色喷膜 汽车改色膜,卡孚国际汽车用品有限公,卡孚（CARV）国际汽车用品有限公司成立于2011年，是一家致力于开发引进国外（欧美地区）汽车改装服...,13669524844,暂无数据
360度全景、大巴监控系统、电子狗、摄像头,广州市山行电子有限公司,广州市山行电子有限公司是一家专业从事汽车电子研发、生产和销售的高科技企业。现在的核心产品为车载摄像头...,15813301177,永福路3号三栋7楼中核大厦自编703房
"电子油门加速器,节气门控制器,赛车表,锐..",深圳市卡妙思电子科技有限公司广州分公司,2008年，深圳市卡妙思电子科技有限公司成立。开始全面开展中国汽车电子产品市场的业务。随着中国汽车保...,13128271736,暂无数据
大包围、定风翼、行李架、中网，其他改装用,广州市广发大包围有限公司,广州市广发汽车用品公司具有专业设计，专业生产各类汽车大包围，定风翼，具有玻璃钢，树脂合成，碳纤维，等...,13428818013,广州市广园东路云泉路128号之7
车窗饰条，发动机护板，侧踏板，前后杠，..,广州市越秀区泰天汽车用品商行,专营斯巴鲁系列饰件，斯巴鲁森林人、傲虎专车专用日行灯，森林人升窗器，斯巴鲁XV、力狮、傲虎、森林人、...,13539453386,越秀区永福路35号之二南方永福国际汽车用品广场249铺
汽车电器批发，启动机，发电机-康灵汽车..,康灵汽车电器有限公司,汽车电器批发，启动机，发电机-康灵汽车电器从原来只为国内商用车企业生产配套    的常规汽车电器批发...,020-37082697,广州市元岗汽配市场b3-21号
奔驰汽车配件,广州凯燕汽车配件有限公司,本公司经营奔驰汽车配件，北京奔驰、北京奔驰C级、北京奔驰E级、福建戴姆勒、威霆Vito、唯雅诺Via...,020-61132740-813,广州市永福路永福国际大厦
暂无数据,暂无数据,暂无数据,暂无数据,暂无数据
皮卡车盖，皮卡车厢，皮卡雨棚，皮卡车后..,广州市白云区华通汽车装饰厂,广州市白云区华通汽车装饰厂是一家独立自主研发、设计、生产和销售一条龙的汽车装饰厂，主要专业生产皮卡车...,13631317614,广州市白云区均禾街加石路162号大院内
大包围、定风翼、机盖、排气、中网,无极限汽车改装用品厂,广州市無極限汽车改装用品部是一家集生产、批发、零售汽车大包围空力套件、定风翼、行李架、碳纤系列产品的...,13660464566,广州市白云区龙归工业区
汽车外饰改装厂是一家以经营汽车改装为主的企业，公司位于广州,汽车外饰改装厂,暂无数据,020-62110451,暂无数据
HID氙气灯,广州世博电子科技有限公司,"广州世博电子科技有限公司,成立于2006年8月，注册资本100万元,是一家集科研开发、生产制造和营销...",020-37813239,广州永福路金钟大厦2804
暂无数据,暂无数据,暂无数据,暂无数据,暂无数据
汽车大包围,广州华进汽车改装用品公司,广州华进汽车配件商行是一家多年致力于国内和国外汽车设计、改装、生产、销售的汽车大包围厂商。分别在广州...,13423669021,广州华进汽车改装用品公司
车身强化件,广州广翼汽车用品有限公司,"广翼汽车用品有限公司, 是一家个从事多年汽车五金铝材，ABS注塑，PU产品，铝合金加强制品OEM加工...",020-83061132,广州市越秀区永福路35号永福中心805号
韩国汽车智能钥匙,道元技术有限公司（广州分公司）,www.dowonsoft.com  DOWONTEC  企 业 介 绍    道元技术有限公司是领...,020-36192695,广州市白云区白云大道白云花园
"电镀装饰件,包围,奔驰中网,排气管,尾翼",凯亮汽车用品,"本公司有外观和性能改装件可供全国改店批发，可网络定单代发.
另外，本公司有外贸部，多种国外车型外饰...",15902047274,广州市越秀区永福路45号利远广场
暂无数据,暂无数据,暂无数据,暂无数据,暂无数据
低价处理九成新二手车,兴盛汽贸,鑫新汽贸长期特价促销二手汽车...,15105883128,南山路65号
大包围、定风翼、机盖、排气,威尔汽车改装用品公司,广州市威尔汽车改装用品有限公司是一家专业生产汽车大包围空力套件、定风翼、行李架、碳纤系列产品的厂家，...,13640336997,广州市白云区人和镇清河工业区2号
双光透镜，天使眼透镜，天使眼，透镜,广州利仕达光电,广州利仕达光电是一家集科研、设计、生产、销售为一体的灯饰企业，主营天使眼透镜、HID氙气灯，公司本着...,13710853809,广州市越秀区永福路40号盛大国际五楼E61
汽车照明升级改装:氙气灯|雾灯|日行灯|射..,广州市凯骑汽车用品有限公司,广州市白云区凯骑汽车用品有限公司是一家销售汽车电子电器用品为主的企业。  　　创业以来，企业坚持...,13316085054,松园中西街23号
改装套件,广州达标汽车改装配件有限公司,厂家资源：广州达标汽车改装配件有限公司   经营品牌：保时捷，奔驰，宝马（BMW），雷克萨斯，奥迪，...,13360586916,广州市白云区
"HID氙气灯,套装，散件等",广州市星光大道（香港）照明科技有限公司,本公司专业设计、生产HID照明系统，同时承接OEM订单。...,18900753008,暂无数据
铝合金轮毂、改装轮毂、原款轮毂,广州欧驰汽车配件有限公司,广州欧驰轮毂有限公司是一家专业从事汽车铝合金轮毂的研发，设计、生产、销售一体化的独资企业。位于A：广...,18718881928,广州市白云区云城西路1206号101铺
暂无数据,暂无数据,暂无数据,暂无数据,暂无数据
汽车改装，汽车升级，汽车配件,广东曼狄卡汽车配件有限公司,广东曼狄卡汽车配件有限公司是一家集进口、研发、生产、销售豪华汽车配件升级改装配套服务于一体的专业综合...,13928870744,暂无数据
专车专用汽车挡泥板、挡泥胶、挡泥皮,拓野挡泥板厂家,台州拓野挡泥板厂家，本公司专营各式汽车挡泥板，质量最好，模具最全，欢迎有意想的老板前来咨询，共同合作...,13538810276,暂无数据
"氢氧机,节油器,切割烧焊机,除碳机",广州中氢能源科技有限公司,广州中氢能源科技有限公司成立于 2009年4 月，是专门从事氢能源研发、制造、销售和技术服务的专业化...,18676630423,广州市白云区人和镇西城工业区同富路13号
音响改装、灯光升级、座椅通风、隔音工程等,广州市番禺区桥南前沿线改汽车零配店面,前沿车改是集音响、隔音、座椅通风加热、灯光升级等关于汽车舒适性改装于一体的综合改装店。技术方面将派遣...,13229938500,暂无数据
暂无数据,暂无数据,暂无数据,暂无数据,暂无数据
汽车喇叭、汽车低音炮、汽车小高音、,广州市欧牌电子有限公司,企业简介  广州市欧牌电子有限公司是专业研发、生产和销售汽车音响的一家企业 ，产品涵盖低、中、高等多...,13929552931,广州市白云区钟落潭镇金盆安乐路高岗街10号
主营 suv越野汽车外观装饰件 保险杠 行李..,淘宝店铺靓车之旅,本公司位于广州越秀永福路汽车用品商城 入住淘宝旗下的一家小店铺，主要 各类SUV汽车外观装饰件车型如...,15975397611,暂无数据
SUV越野车型的内外装饰件、改装件、原件,广州风速汽车改装配件贸易公司,经营理念：一样产品，一样质量，一样价钱。    主营业务：SUV越野车型的内外装饰件、改装件、原件。...,13922238535,南方永福国际
车用保险箱,车无忧车载保险箱,"车无忧车载保险箱,汽车保险箱,电子密码箱,奥迪保险箱,宝马密码箱...",13829209279,暂无数据
暂无数据,暂无数据,暂无数据,暂无数据,暂无数据
车载冰箱  车载充气泵  汽车锁 点烟器,广州市哈芝儿贸易有限公司,广州哈芝儿贸易有限公司是环球汽车用品集团旗下专业为汽车用品行业提供商品与服务的全方位供应商。    ...,15018408607,广州市白云区白云堡道路116号306房
suv踏板、行李架、保险杠,广州凌玉汽车用品有限公司,凌锐汽车用品制造有限公司（前凌玉汽车用品有限公司）成立于1994年，为国内行业十强企业之一。自成立之...,15899429510,暂无数据
碳纤维平衡杆,广州金炫改装,广州金炫汽车配件公司的简介          广州金炫汽车配件公司创建于２００６年，公司前身是一家集...,18613178648,暂无数据
专职专业生产、研发、一体成型PP塑料小包..,广州市白云区竹料车魅力汽车用品厂,广州市白云区竹料车魅力汽车用品厂成立于2012年，位于广东省广州市白云区；由国内最早从事PP塑料包围...,15202089730,广州市白云区竹料雄伟博罗路3号之一201（临时经营场所：有效期..
暂无数据,暂无数据,暂无数据,暂无数据,暂无数据
大包围 轮毂 排气,香港曼龙国际贸易有限公司,香港曼龙公司主营批发欧美豪车汽车外观升级部件，美国ED品牌，进口部件，专业改装豪车包围、轮毂、排气等...,13600031481,暂无数据
原车屏幕升级 倒车轨迹  GPS导航 汽车电..,广州市车智连电子有限公司,广州市车智连电子有限公司是专注于原车屏幕功能升级的方案供应商和制造商。我们致力于与全球的汽车服务实体...,13660800209,广州市天河区迎龙路260号自编龙洞工业厂房E3幢1至5楼
"主营越野外装饰件,电动踏板,电动尾门 包..",广州车垒汽车配件有限公司,广州车垒汽车配件有限公司，是一家专业从事汽车踏板、行李架、前杠、后扛、尾翼、包围等汽车外饰改装件的设...,13609099538,广州市越秀区永福路汽配城
汽车LED灯.氙气灯，汽车清洁用品、车内外..,广州市鼎丰汽车用品有限公司,广州市鼎丰汽车用品有限公司创立于2010年，是一家集汽车用品研发、生产、营销、服务于一体的多层次全面...,18025714339,越秀区永福路40号
暂无数据,暂无数据,暂无数据,暂无数据,暂无数据
360度全景、行车记录仪、大巴监控系统、,广州市山行电子有限公司,广州市山行电子有限公司是一家专业从事汽车电子研发、生产和销售的高科技企业。现在的核心产品为车载摄像头...,15813301177,广州市越秀区永福路3号三栋7楼中核大厦自编703房
汽车前后大包围；侧裙；叶子板；尾翼；机..,新征途汽车改装厂,新征途汽车改装厂是一家专业设计汽车外观改装及专业生产各类汽车大小包围，定风翼，本厂具有PU  PP ...,18620706277,广东省广州市白云区太和文化广场
"汽车包围,汽车大包围,汽车尾翼,汽车小包..",广州领业汽车用品有限公司,广州领业汽车用品有限公司（www.lingye.com.cn)是中国汽车外观升级与改造的先导，创始于...,13826471009,暂无数据
专车专用日行灯 汽车大灯总成,广州骅路赢电子有限公司,广州骅路赢电子有限公司是中国早期研究和生产HID的企业。成立于2005年，坐落于全国最具活力和最大的...,13802421754,广州市天河区广汕二路600号之一首层103房
生产制造HID氙气灯，安定器，LED日行灯，..,广州和恒汽车用品有限公司,本公司成立于1996年，2005年起专业生产，销售汽车氙气灯HID产品，旗下已经开发和恒，飞鹰等多个...,13719068222,广州市永福路79号倚云汽车用品广场A128档
生产汽车大包围，改装大包围 ，定风翼，..,广州富利达大包围汽车用品有限公司,广州富利达(FLD)汽车大包围改装设计厂是一家多年致力于国内和国外汽车设计、改装、生产、  销售于一...,15989053606,暂无数据
暂无数据,暂无数据,暂无数据,暂无数据,暂无数据
HID氙气灯、安定器、双光透镜、日行灯,广州市阿索尔汽车用品商行,阿索尔（ASOL）位于全国汽配用品集散地-中国广州永福路，是一家专业汽车全车灯光的全系列配件批发商行...,15322311962,广州阿索尔汽车用品商行
"碳纤维,汽车改装升",广州市利远汽配城车俊汽车用品商行,广州车俊改装多年来一直从事高档豪华汽车碳纤维研发工作，长期的工作实践让我们的技术稳定，各项技术工艺都...,15817170981,白云区
韩系、日系SUV专业原装前后护杠、护板、..,广州龙鑫汽车精品有限公司,"广州龙鑫汽车配件有限公司，位于广州市白云区，现有规模较大生产基地,厂房面积3000平方米，员工100...",13800138000,暂无数据
SUV汽车前后护杠、行李架、脚踏板、尾翼..,锐锋汽车外饰改装,广州市锐锋汽车用品有限公司成立于2003年3月16日，是一家销售中高档汽车外装饰产品的专业公司，不但...,13430292203,暂无数据
OBD防盗器、车载OBD智能远程监控终端、OB..,广州飞凌电子科技有限公司,广州飞凌电子科技有限公司，成立于2006年，是一家以车载电子产品为主，专业从事研发，生产和销售的高科...,18566295717,广州市黄埔区工业中路
汽车卫士,香港商盈电子有限公司,Green Numen电子科技有限公司一向推崇和宣扬绿色环保的理念，专注于节能环保产业发展，集研发、...,13560191761,暂无数据
一键启动 智能升窗器CAN-BUS总线防盗器,广州毅胜电子有限公司,广州毅胜电子有限公司是一家集汽车安全电子研发，生产，销售于一体的多元化企业，公司成立于2007年，自...,13352815482,暂无数据
"汽车HID,LED前大灯照明",广州九加一电子科技照明,"HID氙气灯，伸缩灯,摆角灯，汽车HID氙气灯，摩托车氙气灯,安定器，LED前大灯等汽车照明及相关产...",13828460468,暂无数据
汽车改装，奔驰改装，宝马包围改装，保时..,保驰空力技研,【企业简介】     起 源• 保驰汽车(改装)用品有限公司/【保驰空力技研】由香港公司投资控股，生...,15813391338,暂无数据
赛车座椅，专车专用座套，汽车改装包围,汇扬汽车用品,专业生产制造各种型号赛车座椅，款式多样，工艺成熟，质量保证，价格实惠。        可调：SPB，...,13725429726,暂无数据
暂无数据,暂无数据,暂无数据,暂无数据,暂无数据
"汽车改装配件,踏板,行李架",广州车佳兴汽车配件有限公司,"广州车佳兴汽车配件有限公司  成立于2008年，自成立以来,一直秉承“品质第一,服务至上”这始终如一...",13416309829,广州市越秀区永福路南方永福国际38号
各种中高档车型行李架.侧踏板.前后护板...,广州凌玉汽车用品有限公司,凌锐汽车用品制造有限公司（前凌玉汽车用品有限公司）成立于1994年，为国内行业十强企业之一。自成立之...,15347416808,暂无数据
"主营越野外装饰件,加装件,改装件等等更多..",广州车垒汽车配件改装有限公司,广州车垒汽车配件有限公司成立于2004年，位于有“人间天堂”之称的美丽城市--广州。公司现有员工60...,13560458890,广州市天河区伍仙桥新街120号
SUV挡泥板，雨挡，后庶物帘，尾翼。碳纤..,广州市越秀区永福路盛大二楼,广州来革贸易有限公司是一家集研发、制造、贸易销售为一体的工贸公司。公司成立于2000年，一直专注于从...,13926409042,暂无数据
暂无数据,暂无数据,暂无数据,暂无数据,暂无数据
"原车汉化,小屏换大屏,手写导航,360全景",广州怡众电子科技有限公司,广州美车达豪车影音升级有限公司经销的原车屏幕升级、解码器、导航盒、原车屏幕升级、解码器、导航盒、36...,18620972833,广州市天河区永福路45号自编D32号05号铺
改装配件，尾翼，大包围，行李架,禾丰汽车改装,广州禾丰汽车大包围制造公司是一家多年致力于国内和国外汽车设计、改装、生产、销售的汽车大包围厂商。厂房...,15013257953,暂无数据
氙气灯,广州视途汽车用品有限公司,●由于氙气灯没有灯丝，因此就不会产生因灯丝断而报废的问题，使用100％防水，防风雨和防震！最佳的性...,18682485007,暂无数据
刹车装置,广州奇速汽车改装网,本公司主要经营刹车装置...,18666005495,暂无数据
暂无数据,暂无数据,暂无数据,暂无数据,暂无数据
生产，设计，销售车窗饰条，车身饰条，后..,广州宏瑞汽车用品厂,广州宏瑞汽车用品厂是汽车外装饰件行业内唯一一家集生产、研发及销售为一体的公司，本公司拥有高效的研发团...,15360017216,暂无数据
"车载摄像头,翻标摄像头， 翻盖摄像头，倒..",广州目拓电子有限公司,广州目拓电子有限公司是集开发设计、生产、销售为一体，以车载摄像头研制和开发为基础的高科技企业。由同行...,18620985860,广州市
汽车前后杠 踏板 行李架等,广州鸿达汽车用品有限公司,广州鸿达自2010年成立以来，一直坚持自我创新。    本公司主要生产各类SUV车的前后杠 行李架 ...,18588822552,广州市白云区均和街
"汽车大包围,汽车改装,汽车配件",广州天奕汽车改装用品有限公司,国际快递      国际物流      国际货运      国际货代      淘宝代购      ...,13560461501,广州
暂无数据,暂无数据,暂无数据,暂无数据,暂无数据
汽车配件，欧美车系，法国车系，日韩车系..,广州景兴阳汽车配件有限公司,"广州景兴阳汽车配件公司，成立于2002年,本公司主营欧洲车系配件,可代客发货.同时销售美国车系，曰韩...",13580355760,广州
大包围、尾翼、排气管、平衡杆、机盖......,广州市炫酷汽车改装用品有限公司,"广州市炫酷汽车改装用品有限公司,专业生产、销售各种车型改装大包围、定风翼、机盖、风口、中网、排气管、...",15361264456,广州
生产汽车大包围 支持安装和喷漆,广州新征途汽车用品有限公司,新征途汽车改装厂是一家专业设计汽车外观改装及专业生产各类汽车大小包围，定风翼，本厂具有PU  PP ...,13078822769,广东省广州市白云区太和镇
汽车大包围，定风翼，机盖，行李架，风口..,广州奥美特大包围汽车用品有限公司,"广州奥美特（AOMEITE）汽车改装用品有限公司,是一家专业生产各式汽车大包围、定风翼、机盖、中网、...",13711244117,暂无数据
暂无数据,暂无数据,暂无数据,暂无数据,暂无数据
"汽车外观加装件,电动踏板,电动尾门,排气管",广州路豹汽车配件有限公司,广州路豹汽车配件有限公司(www.lubaosuv.com)，是一家专业从事汽车踏板、行李架、前杠、...,18026312075,广州市广园东路158号
拆车件,广州市豪盾汽车配件有限公司,原装进口汽车拆车配件，丰田，本田，日产，马自达，五十铃，三菱，铃木，奔驰，宝马，绅宝，欧宝，积架，别...,18664554139,永福汽车用品广场
汽车改装配件,广州旗木贸易有限公司,东图汽车改装配件公司成立于2010年，是一家专业的汽车改装公司。公司主要服务于4S.改装公司.改装店...,18802050400,广州大道北梅花园11号
汽车配件，汽车轮胎,泰荣汽配有限公司,"泰荣汽配有限公司是一家集批发、零售为一体的轮胎专业销售公司,主要销售的轮胎品牌:普利司通轮胎,米其林...",18665743668,暂无数据
宝马天使眼宝马led天使眼,广州欧仕邦电子有限公司,广州欧仕邦电子有限公司是专业生产供应宝马LED天使眼工厂，厂家，并生产LED日行灯/白天行驶灯，HI...,15622252651,广州
"AP刹车,brembo刹车,改装刹车套装,ALCON刹车",广州赛驱贸易有限公司,广州赛驱汽车改装部品有限公司          集开发、生产、销售于一体的台资企业。致力于汽车改装件...,15017519193,广州越秀区永福路45号
暂无数据,暂无数据,暂无数据,暂无数据,暂无数据
油门踏板,广州市福林汽车改装精品有限公司,广州市福林汽车改装精品有限公司是一家个从事多年汽车五金铝材，铝合金加强制品OEM加工的企业．公司始终...,13539403930,广州永福路
汽车导航仪 dvd导航 车载导航 汽车用品,广州悦途电子有限公司,广州悦途电子有限公司是一家专注于汽车信息化产品——车载电脑、车载K歌电视导航的研发、生产和销售的高新...,13600000008,广州市越秀区永福路3号中核大厦
"汽车外包围保险护杠,定风翼,碳纤机盖,中..",广州镁丽速动贸易有限公司,"镁丽速动(国际)贸易有限公司创立于2007年,位于广州市恒福路隆福汽配中心,主要是从事设计,生产国内...",13802724173,暂无数据
传祺GS5保险杠 GS5脚踏板 GS5行李架 长安..,广州市诺洁汽车用品有限公司,广州福泽汽车改装用品有限公司成立于2006年，主要生产汽车外观件，传祺GS5保险杠 GS5脚踏板 G...,13824446695,广州白云区平沙工业区
暂无数据,暂无数据,暂无数据,暂无数据,暂无数据
车载摄像机、车载显示器、汽车后视系统,广州市顶旺电子有限公司,广州市顶旺电子有限公司隶属于维视电子全资子公司， 创建于1997年，是一家专业研发、生产和销售闭路监...,18925016828,广州市白云区沙太路华苑街18号大院内自编12号
汽车导航，汽车用品，汽车配件,广州壹捷汽车用品在线,广州壹捷汽车用品公司成立于2002年，位于广东省广州市。是一家专业生产销售汽车用品的公司。主要产品有...,13570287916,暂无数据
汽车大小包围，中网，尾翼改装产品,广州菲玛仕汽车用品,菲玛仕（Famous)是一家专业从事外观改装用品的专业厂商，公司一直追求着“致力汽车改装用品，我们可...,15011950058,广州永福路南方永福国际201-2档
专业批发各种型号氙气灯,广州亮迪电子有限公司,专业汽车灯光升级改装，一路纵横，我们坚持专业！   演绎非凡价值，创新升级体验   100多种主流车...,15913134188,广州市越秀区永福路45号自编A35号C栋利远永福（国际）汽配城66..
米其林 普利司通 马牌 正新 佳通，邓禄普..,广州轮胎批发,广州轮胎批发主营各种规格型号轮胎、钢圈，矿山轮胎批发，叉车轮胎，轿车轮胎，工程轮胎，特种轮胎。主要有...,18680500451,广东省广州市
主销汽车电子类产品,广州瑞恩汽车用品有限公司,广州市瑞恩汽车用品有限公司于是2001年成立，发展至今拥有4000平米的厂房，高素质技术人员超过百人...,15888888888,广州市越秀区永福路40号盛大国际汽车用品交易广场三层自编C64..
暂无数据,暂无数据,暂无数据,暂无数据,暂无数据
大包围,广州市战翼汽车改装用品厂,广州市战翼大包围汽车用品有限公司，是一家专业设计，生产和销售汽车大包围空力套件的大型厂工厂占地面积5...,13432019426,暂无数据
车载显示屏、汽车摄像头,广州广视电子有限公司,http://gshi168.com/广州广视电子有限公司成立于2006年，是一家集研发、生产、销售...,15626293774,暂无数据
AP/BREMBO/ALCON/AMG/DBA/STOPTECH/BARCL..,广州赛驱贸易有限公司,广州赛驱汽车改装部品有限公司                  本公司主营的产品：AP RACING...,13512795552,广州市越秀区永福路45号广东永福国际汽车用品城C区201
大灯总成，吊顶显示器，导航,广州法力通,http://www.gdflt.com/ 本公司网站，需要联系本人QQ:1647547871小栩h...,13535225097,广州越秀
暂无数据,暂无数据,暂无数据,暂无数据,暂无数据
GPS导航，倒车影像，车载电视,广州导航专家影音,本公司专业批发原厂屏幕导航升级产品，针对全国汽车用品场以及各大车厂4S店.本公司在全国均可提供上门安...,159-15910357,广州市白云区
大包围、中网、定风翼、碳纤机盖,广州星恒汽车改装用品有限公司,广州市星恒汽车改装用品有限公司是一家专业生产汽车大包围空力套件、定风翼、行李架、碳纤系列产品的厂家，...,13725247548,广州市天河区云泉路新编九号大院
大包围、中网、定风翼、碳纤机盖、排气,广州星恒汽车改装用品有限公司,广州市星恒汽车改装用品有限公司是一家专业生产汽车大包围空力套件、定风翼、行李架、碳纤系列产品的厂家，...,13725247548,广州市天河区云泉路新编九号
投资咨询服务;职业技能培训（不包括需要..,广州钜东网络科技有限公司,暂无数据,020-22255777,广州市白云区江城路小塘路段自编168号
暂无数据,暂无数据,暂无数据,暂无数据,暂无数据
汽车大包围、定风翼、行李架、排气管,华丰汽车改装用品有限公司,广州市华丰汽车改装用品有限公司是一家专业生产汽车大包围空力套件、定风翼、行李架、碳纤系列产品的厂家，...,020-39716259,广州市广园东路云泉路128号
汽车氙气灯,广州帝辉汽车用品有限公司,广州帝辉汽车行用品有限公司，成立于2000年，是一家集研究、开发、销售高品质的HID产品和镇流器为一...,020-62682492,广州市永福路40号盛大国际5楼E69
HID汽车氙气灯,广州市飞普科技有限公司,本工厂专业HID汽车生产，欢迎广大OEM商前来洽谈...,020-39299075,番禺南村市头村
电动窗，中控锁，专用自动关窗器等,广州市东达汽车改装用品,欢迎光临 广州东达改装用品商行   公司位于中国广州越秀区永福路35号南方永福国际汽车用品广场A26...,15920108158,广州市东达改装用品
