https://bbs.qn.img-space.com/201902/2/fdba79bb24e5f3d8be9eb150d04c36f8.jpg,2019年第一次拍摄
https://bbs.qn.img-space.com/201902/1/947448c9602b76a424da3430393540d7.jpg,【右视觉摄影】新年快乐！右视觉携手聂远 秦子越给大家送祝福了！
https://bbs.qn.img-space.com/201902/1/eb18fbc3e4318fb3039523bd66f7c632.jpg,《琵琶语》
https://bbs.qn.img-space.com/201902/1/fb0962f855d91fb863208107b0ed8aad.jpg,兔女郎内衣秀
https://bbs.qn.img-space.com/201902/1/60b899ac679af8dedac35bab1f0d69d8.jpg,少女の日记
https://bbs.qn.img-space.com/201902/1/f0b13a6e3dd1e87ff0d48519a7be7bfd.jpg,EOS R人像试机
https://bbs.qn.img-space.com/201902/1/31339620c92b3d85588d9b17851796a4.jpg,暖暖的冬季
https://bbs.qn.img-space.com/201902/1/18de1469ad6619dc7a985a9f9dcc82c9.jpg,夜景街拍清纯的短发小姐姐
https://bbs.qn.img-space.com/201901/31/294571495f14669414e1a31686098d38.jpg,修点照片，看看效果
https://bbs.qn.img-space.com/201901/31/b772fff8737d4fc476663873bb33c136.jpg,ins风白色私房
https://bbs.qn.img-space.com/201901/31/97d8906d63e3bd4838e391f522837847.jpg,小性感和风拍摄
https://bbs.qn.img-space.com/201901/31/8de60ea1b9861f9854cfe6ba94b93b5b.jpg,那些说给树听的话
https://bbs.qn.img-space.com/201901/31/88ef1751375b9df53a4577bd35f8402c.jpg,#索尼微单1月影赛# 安又琪，日本街头随拍 ---- 幻影骑士作品
https://bbs.qn.img-space.com/201901/31/13ec6726af3dc0147d899736986d6388.jpg,春季新妆容
https://bbs.qn.img-space.com/201901/31/b4de6bffbadaf86af31092c4172b1247.jpg,永远的经典
https://bbs.qn.img-space.com/201901/31/c1c29169777f56680040fbaa980aa259.jpg,今天也是元气满满の少女哦
https://bbs.qn.img-space.com/201901/31/8765f32aab281adca03fb9e2e1c725dd.jpg,你是夏日里的小美好
https://bbs.qn.img-space.com/201901/30/78fe47993906d2b4b60909f7b8c10d10.jpg,一组小私房
https://bbs.qn.img-space.com/201901/30/f3060b9ed4f7c16c36281301de6bdf91.jpg,《芙蓉池》
https://bbs.qn.img-space.com/201901/30/585387e311b71c5056c63f492c08236a.jpg,泰和园之行
https://bbs.qn.img-space.com/201901/30/89de8210370770a775691fe358c26364.jpg,静谧的【夜】
https://bbs.qn.img-space.com/201901/30/237115a2630d983ad35ccd2e2dabe37e.jpg,梦の境あいうおかき
https://bbs.qn.img-space.com/201901/30/5aed6e29cf7ded943e86f43bb5dc1e5d.jpg,【 古 韵 沉 香 】............
https://bbs.qn.img-space.com/201901/30/5ff991213512723ee98e07e1da3c31ba.jpg,你说少年明媚如昨，怎知年少时光如梦
https://bbs.qn.img-space.com/201901/29/088eb69053cc2ef1f9a69b3ed3909cb5.jpg,属于自己的小时光-----------------------------------------25P
https://bbs.qn.img-space.com/201901/29/d3608d3aac3dea2ab4ecd1ebadd98aee.jpg,《北岛》——
https://bbs.qn.img-space.com/201901/29/fa88cf9244242704d02ada71b46084f0.jpg,一月的阳光  和我偶尔的休息日一样， 难得而可贵
https://bbs.qn.img-space.com/201901/29/405c702d3a72b922abeaab38e3c30159.jpg,【右视觉摄影】 江若琳 小年快乐！
https://bbs.qn.img-space.com/201901/29/f7fdd42dcbb36f68700996b2fd9df6b4.jpg,日系の小清新，EVEN
https://bbs.qn.img-space.com/201901/29/3dff6eaed0fded539079d8c49e96c7b5.jpg,#索尼微单1月影赛# 文艺小清新大理旅拍视频《送给自己一场旅行》
https://bbs.qn.img-space.com/201901/29/7423206070be3cfa08b1f56a0a72c68e.jpg,【加菲视觉】 —— 静
https://bbs.qn.img-space.com/201901/29/2ca5e49cb4f2d77b1c5d4dcb660f2ce5.jpg,元气·少女
https://bbs.qn.img-space.com/201901/29/eb551220ce3eedb9c1d42c256e82f87b.jpg,《曼珠沙华》
https://bbs.qn.img-space.com/201901/29/5c68e28c3cf83b46d3af49d4abc0c17e.jpg,菲菲的小清新，2019
https://bbs.qn.img-space.com/201901/28/a2f105c5891f83e5e0a50635c1ba6618.jpg,雅致の性感的小西服
https://bbs.qn.img-space.com/201901/28/228353b3f121680311bebba1b532cd69.jpg,楼兰姑娘试拍
https://bbs.qn.img-space.com/201901/28/17ff92be5a55e8bf9d20719e517bb5bf.jpg,荒芜的年代，寂寞的日子
https://bbs.qn.img-space.com/201901/28/5906d3ce7b93f3b82e3766dcc0e4f3c1.jpg,#索尼微单1月影赛# 彼岸花系列二
https://bbs.qn.img-space.com/201901/27/92fe1e091cccee3b190278246ac83f89.jpg,《似水年华》
https://bbs.qn.img-space.com/201901/27/339f753e5a1dff211b1222d7ab5268a9.jpg,魅影の艳，EVEN写真。
https://bbs.qn.img-space.com/201809/17/e99534f451dea363a8c1b846325e9de2.jpg,我从未拥有过你一秒钟，心里却失去过你千万次。
https://bbs.qn.img-space.com/201809/17/71fd2faddc20b52bc95dcc704c7f871c.jpg,我从未拥有过你一秒钟，心里却失去过你千万次。
https://bbs.qn.img-space.com/201809/17/cb6893c51a4c26d45a59ee8f1754cd95.jpg,最美，夕阳
https://bbs.qn.img-space.com/201809/17/7b0912249848534f964f44e8b25dc55f.jpg,最美，夕阳
https://bbs.qn.img-space.com/201809/17/595aaaac63382371626316fd2e252698.jpg,——剑起苍澜——
https://bbs.qn.img-space.com/201809/17/5e716f044b2f43df19235667f3ebe261.jpg,——剑起苍澜——
https://bbs.qn.img-space.com/201809/17/26a1c58828986e3f5cac65fa7a19e8c6.jpg,嘉绒藏族老人
https://bbs.qn.img-space.com/201809/17/47a98ea044434d2920cd444a93711ccc.jpg,秋意浓 夏末秋初
https://bbs.qn.img-space.com/201809/16/e188ae6af373b97d4b71df7183d63283.jpg,19岁俄罗斯小哥外加我的自拍
https://bbs.qn.img-space.com/201809/16/86b71e41575c42c02e101ecb6a3b16aa.jpg,女生宿舍。。。。。
https://bbs.qn.img-space.com/201809/16/d18dae44eea5b7b6812ca26662cc02c6.jpg,『睡美人』 墨墨是少女 作品
https://bbs.qn.img-space.com/201809/16/bb979395da554a2360aa8b709ea4639b.jpg,鎌倉へ海を見に行こう
https://bbs.qn.img-space.com/201809/16/40bb6fd747269a92dfe7f5fa47f4afc8.jpg,鎌倉へ海を見に行こう
https://bbs.qn.img-space.com/201809/15/c4749b6fdc9eafab5c8d1f0ad835880c.jpg,《问·道》
https://bbs.qn.img-space.com/201809/15/5d5d39d4167b7e1ffe0bccd9adf55a7b.jpg,好似在昨日
https://bbs.qn.img-space.com/201809/15/1276add37e713bd2e41e9de355710ba8.jpg,复古弹琴写真
https://bbs.qn.img-space.com/201809/14/e31d3af0e037132c1798d8835105bc63.jpg,《入 · 梦》
https://bbs.qn.img-space.com/201809/14/ff20d9386236a3cb74c1e56a5de06564.jpg,【摄影探店之二：Kara】
https://bbs.qn.img-space.com/201809/14/4aa9c9a3eddb975472f2ff34d58230c1.jpg,我们不过是尘埃和影子
https://bbs.qn.img-space.com/201809/14/3e5a1df305931a82658b9b5ee7a3fa72.jpg,淋过雨的空气
https://bbs.qn.img-space.com/201809/14/f5ec11bc0e1b35e1f7519a2d38c69b31.jpg,《竹·韵》
https://bbs.qn.img-space.com/201809/14/7522ab2a5c894cd0eb63e1e144224fbd.jpg,《silence》。。。。
https://bbs.qn.img-space.com/201809/14/806d90614606259e45ab6afb6b2435e0.jpg,-夕颜流年-
https://bbs.qn.img-space.com/201809/14/e381670ba68b112de0a0207835a6b080.jpg,科技感 未来感...
https://bbs.qn.img-space.com/201809/14/7e93b89e4ff78465711e6215e06c7ef9.jpg,沧澜·魅生
https://bbs.qn.img-space.com/201809/14/5da1a76b09d0cb07bd5e2d1d9e0ab12a.jpg,沧澜·魅生
https://bbs.qn.img-space.com/201809/13/86a09aa6b112631c86fdd37d505739bf.jpg,《午夜时分》
https://bbs.qn.img-space.com/201809/13/cd2e16297ca304a86456c33ad3e9861a.jpg,*宫锁心玉*
https://bbs.qn.img-space.com/201809/13/09a96971d27b5fa7bcca8a03285baf57.jpg,一代妖姬女王
https://bbs.qn.img-space.com/201809/13/2bab785e04c347c130713802383c88fd.jpg,太阳花少女
https://bbs.qn.img-space.com/201809/13/e0696b3684874ea51ef1cbd5d1e36a6e.jpg,伊尔福 pan 400 黑白卷直出无修正
https://bbs.qn.img-space.com/201809/12/75fd2537d624ae008734248b16a7d96f.jpg,第一次玩摄影摄影
https://bbs.qn.img-space.com/201809/12/3e0c7b0d7e3ed75bb33daaadf9719ac7.jpg,迷人光影下的情绪
https://bbs.qn.img-space.com/201809/10/d3999fa4a52bc9c6a8bbb12f049308fb.jpg,额...老机5d2偶然拿出来再战一把~ 拍妹
https://bbs.qn.img-space.com/201809/10/c5d8dd4f9b3cc652a0203c0553d3991d.jpg,肥宅快乐水
https://bbs.qn.img-space.com/201809/10/86896f75698d2932698b53f5afc0adff.jpg,俊俏的丫头
https://bbs.qn.img-space.com/201809/10/2d80e386fc44a11ec2b1bb9c5404dfaa.jpg,舞蹈系女生的一组写真
https://bbs.qn.img-space.com/201809/9/455a2a43aee464e4217093cac7fed13d.jpg,《芦花深处》
https://bbs.qn.img-space.com/201809/8/d8555191f470e1829b4369ea15e7239a.jpg,木子花开，素色如锦。
https://bbs.qn.img-space.com/201809/8/4babe6943e9d9ce6f626433c40a3ceba.jpg,木子花开，素色如锦。
https://bbs.qn.img-space.com/201809/21/cb15d8f1c257d972c75a00f7c628ecc6.jpg,一组天台夜景人像
https://bbs.qn.img-space.com/201809/21/57fbdcbf0ea4b9cb5ab4b319689a99f0.jpg,2018.9.20鸳鸯楼
https://bbs.qn.img-space.com/201809/21/3ffd9dba9a5dd079f05879708150ab1b.jpg,「怀旧向」
https://bbs.qn.img-space.com/201809/21/67cbbfa25a3bdb368010f8590cab4150.jpg,桂晶晶变身俏皮可爱少女
https://bbs.qn.img-space.com/201809/21/8aed2bf49836b911f4456a0ba3989330.jpg,【右视觉摄影】 再见 如烟
https://bbs.qn.img-space.com/201809/21/c55751951f61b323d938ac6575bc1c79.jpg,乐菱|疑是仙女下凡来，回眸一笑胜星华
https://bbs.qn.img-space.com/201809/21/3926e5b9b69746fb9ff6d028eb315517.jpg,【有映画】Warm Time
https://bbs.qn.img-space.com/201809/20/998292564011df8c7e3616e0f2b9e2fd.jpg,陶女--人像一组
https://bbs.qn.img-space.com/201809/20/59bc2682e691bf8a1ef0805c9e256be5.jpg,黑白人像习作
https://bbs.qn.img-space.com/201809/20/97255493325c4c4b0ac41d0737cc8dca.jpg,《易水寒》
https://bbs.qn.img-space.com/201809/20/c2f92baf2e2902d081658ac57ad06b7b.jpg,《易水寒》
https://bbs.qn.img-space.com/201809/20/6f89fcdf6128573f95681f644a6ba5fc.jpg,《易水寒》
https://bbs.qn.img-space.com/201809/20/5d218c4d59bed96cc4dd57091fbbac42.jpg,惬意的情绪
https://bbs.qn.img-space.com/201809/20/143726107e02e209daf21b34b3982ede.jpg,秋风起，芦花飘---古风人像摄影习作
https://bbs.qn.img-space.com/201809/20/2e2e390d4e8fa604f791701cffcfd543.jpg,大正罗曼史（使用A7R3和85GM拍摄）
https://bbs.qn.img-space.com/201809/20/4b38ad4d8f4229a83fba705f324b5b99.jpg,#索尼微单9月影赛# 清爽的夏天
https://bbs.qn.img-space.com/201809/20/4ed2145b6bd1ce2bcc0dfc70e3dcb5b1.jpg,《年·华》
https://bbs.qn.img-space.com/201809/20/cb2ddecd8108fc907033a9a9c0694528.jpg,《年·华》
https://bbs.qn.img-space.com/201809/19/e218de264a49289ff7a0dc193b1c18fb.jpg,阴阳师玉藻前 · 宵暗之舞
https://bbs.qn.img-space.com/201809/19/774f72501eb5d2e643596e34f91dcd79.jpg,做最美的自己
https://bbs.qn.img-space.com/201809/19/b99b26318f73ea6135bb54a22920679a.jpg,抓住夏天的尾巴
https://bbs.qn.img-space.com/201809/19/de1b2038096bd8dbf5dcbba58f47549a.jpg,高调的文艺肖像
https://bbs.qn.img-space.com/201809/19/4730c974425fb08f3f0203dcbc67316c.jpg,《不必再等》
https://bbs.qn.img-space.com/201809/19/e752d92fc76c923faa5979ee4d1ee7a1.jpg,你的笑容是我见过最美的风景
https://bbs.qn.img-space.com/201809/18/8a03e5cc83ffc3d2bf2b1c031b5f0edf.jpg,三生三世十里桃花
https://bbs.qn.img-space.com/201809/18/2ed0ae5fb361733c1dce86a2bbcdf137.jpg,仁里照相妆面拍摄
https://bbs.qn.img-space.com/201809/18/20c813b354ef77655cc67c22038fffaa.jpg,YELLOW-依旧简单摄影
https://bbs.qn.img-space.com/201809/18/d06aab56a20928410172d67198cddeb9.jpg,斯里兰卡人物照
https://bbs.qn.img-space.com/201809/18/948382b8e6a4cd71d4a824283c3b4a9a.jpg,青裳正好。
https://bbs.qn.img-space.com/201809/18/2edb537b62a189a190d0673ab787a4f8.jpg,「 汉 风 」
https://bbs.qn.img-space.com/201809/18/92942aed2e16075da804f7567b70101a.jpg,城市里的精灵
https://bbs.qn.img-space.com/201809/17/375860e1ca1e068318571def1bf4b2ef.jpg,山顶高坡 星空摄影
https://bbs.qn.img-space.com/201809/17/9c941e00580c76216df06b64bf3aa88c.jpg,梦兮 | 镜兮君不知，梦兮花已落
https://bbs.qn.img-space.com/201809/17/184a0fa61f42152597fc2568adaef11b.jpg,《恍然夏若》夏季泡水片一组
https://bbs.qn.img-space.com/201809/17/9196e8c26b6df884456c79f5dce6dd91.jpg,《恍然夏若》夏季泡水片一组
https://bbs.qn.img-space.com/201809/17/0b46efd1a0e8d5fafe7fa191eb342d01.jpg,《恍然夏若》夏季泡水片一组
https://bbs.qn.img-space.com/201809/17/768f1f8d5687a56352c2393efe7db64f.jpg,--琵琶行--
https://bbs.qn.img-space.com/201809/17/70e8e5a0fb7c9b2a4c43f39eb2907155.jpg,只希望生活的某些岁月里 ，仍带有颜色和想象。
https://bbs.qn.img-space.com/201809/17/0d50443ba2df54cf0d04507b1dec927e.jpg,《乱序》——一组汉服人像
https://bbs.qn.img-space.com/201809/17/84cb1f6e1b642ce830f41d1628878099.jpg,《乱序》——一组汉服人像
https://bbs.qn.img-space.com/201809/29/b16911255c0b62b4dc506e0ed035b098.jpg,每个人都有属于自己的一片天空
https://bbs.qn.img-space.com/201809/29/78a168d5834015ea1535a2c197a5c2bc.jpg,如果我变成回忆
https://bbs.qn.img-space.com/201809/29/8ad2cee30148f2add54d14b9100baaab.jpg,【有映画】若璃
https://bbs.qn.img-space.com/201809/28/952a6d4c0f28200de29f617ad840992f.jpg,粉黛佳人.......
https://bbs.qn.img-space.com/201809/28/3d0d40e12ca5d36ad4cdf35307d2025f.jpg,少女与大海的约定
https://bbs.qn.img-space.com/201809/28/4a2f07aeeab0223d7063c5f4d9bf9623.png,你是个好人
https://bbs.qn.img-space.com/201809/28/c29ed19a5b2a26b9b44816d0dea8ac09.jpg,私房-梦醒时分的凌晨
https://bbs.qn.img-space.com/201809/28/0a8b1b3535ecdb4e2b4df3bb7d497e87.jpg,【修水凝花】
https://bbs.qn.img-space.com/201809/28/c28346d7c25a1e2bf7ae4a454b59bc62.jpg,《从你的全世界路过》
https://bbs.qn.img-space.com/201809/28/54195c8431ec71ee90d51f731df26a0a.jpg,初秋的五颜六色
https://bbs.qn.img-space.com/201809/28/e427c72356120e1106126923ed8123bc.jpg,铁道边的女孩
https://bbs.qn.img-space.com/201809/27/3c0d5259fe0ae21900f3337a63deda20.jpg,If I were a boy
https://bbs.qn.img-space.com/201809/27/185fb8ec711310de57b1ffbf64850e6e.jpg,回老家看看
https://bbs.qn.img-space.com/201809/27/189cd4117b32be732b2df85385276989.jpg,遇见.那年青溪
https://bbs.qn.img-space.com/201809/27/0b7d8311105c52f3ebb754ca3d97bb2f.jpg,私房|愿我们终将成为自己理想的样子——舞蹈家的梦想（2）
https://bbs.qn.img-space.com/201809/27/ef47d28a8101dfdc28a4b8bd200ea660.jpg,穿花裙的女孩
https://bbs.qn.img-space.com/201809/27/e92242a7797b7a40e5c53cd747cb10d1.jpg,《自由之巅》
https://bbs.qn.img-space.com/201809/27/8c3d644e9bb44052330e3e41bd90c7bf.jpg,我的泰山我的佛
https://bbs.qn.img-space.com/201809/27/17428266fd21f30f49446f18be6926c4.jpg,《拦不住的火车》
https://bbs.qn.img-space.com/201809/27/6cd6b726f42d94ee9e25eb45c2786e37.jpg,Sexy or pure
https://bbs.qn.img-space.com/201809/26/c95436ddc8f61d551131288b1af66560.jpg,初秋回校日
https://bbs.qn.img-space.com/201809/26/93cafd96b636fa55ac267e8efb060541.jpg,Meet me now
https://bbs.qn.img-space.com/201810/12/fcf00d295ed4629c65118971275aea48.jpg,《窒·乐》
https://bbs.qn.img-space.com/201810/12/ae116dde1d402bcc4ee45625be85eb41.jpg,《暗·香》
https://bbs.qn.img-space.com/201810/11/2667f7972a684261d57fe73043bf9e76.jpg,古风人像《放灯》
https://bbs.qn.img-space.com/201810/11/b8cc472a1f404e3cef1adde825f8fef7.jpg,《空》天台人像一组（打了码不知道能不能过）
https://bbs.qn.img-space.com/201810/11/824140a933ff2996a27140faca27894d.jpg,【流沙】芳华
https://bbs.qn.img-space.com/201810/10/114aa4ba214737e23be0f8fee671241a.jpg,《  粉黛  》
https://bbs.qn.img-space.com/201810/10/72c3c5bc8e4c5f20fc0abd6b48416fd3.jpg,古风人像-青溪霓裳
https://bbs.qn.img-space.com/201810/10/4f433099ad4032f1c00022da959443db.jpg,迷失的年代
https://bbs.qn.img-space.com/201810/10/a1fb88a3fdead15e31ce73d2a57b076f.jpg,胶片随拍2018西安十一车展（人像）
https://bbs.qn.img-space.com/201810/10/c580396d3c67268671328ae08c1a0803.jpg,粉黛佳人(K1+720)
https://bbs.qn.img-space.com/201810/10/40fd12757a6d9461eb26642f5cf7ed17.jpg,粉黛佳人(K1+720)
https://bbs.qn.img-space.com/201810/9/9e6d0aa74d918ef3d0bd875d79007e21.jpg,夕阳下的舞者
https://bbs.qn.img-space.com/201810/9/142cc51028d41d7f5a8b2a2057fa757e.jpg,夕阳下的舞者
https://bbs.qn.img-space.com/201810/9/1e657da417064afbe3662560ee480cb1.jpg,花海的约定
https://bbs.qn.img-space.com/201810/9/fbe94d237f50f7d0c0299dcceda52fa8.jpg,春光乍现 白夜行作品
https://bbs.qn.img-space.com/201810/9/c725fbaf2939f6c1346c9755ab2afe0c.jpg,你嫁衣如火灼伤了天涯
https://bbs.qn.img-space.com/201810/9/58afeecb22a9fa4a680a670e31de2532.jpg,少女与猫【8P】
https://bbs.qn.img-space.com/201810/9/646dda49c0b225d12c4b6189a32de389.jpg,黑與白光與暗之間
https://bbs.qn.img-space.com/201810/9/c734897d890ed5a7f44acf0c1a396028.jpg,【加菲视觉】——shijun
https://bbs.qn.img-space.com/201810/9/5921a65ec13b838102817673b15e4689.jpg,校园小学妹
https://bbs.qn.img-space.com/201810/9/959077cfc158174876549c3569c432c7.jpg,怜香思【21P混合版】
https://bbs.qn.img-space.com/201810/9/6ab8b08a89f9fe2bfce089944809c2be.jpg,守侯千年~~
https://bbs.qn.img-space.com/201810/9/2aa7c4b475e82859f6dcec89f9b4571e.jpg,2018.10.7 武汉理工大学
https://bbs.qn.img-space.com/201810/9/28fd3489c302d6163d22f6d0a34a0359.jpg,秋天的尾巴
https://bbs.qn.img-space.com/201809/26/de4163b893b51d2e70f58f7726a949e9.jpg,天火-古风私房
https://bbs.qn.img-space.com/201809/26/d60cc6d5e19fc3e73981eafed8f17a47.jpg,美能达X700 加 柯达CP200卷直出
https://bbs.qn.img-space.com/201809/26/6a0ec3cb3d8a93f8e2f05cc765052165.jpg,#索尼微单9月影赛# 《秋·语》
https://bbs.qn.img-space.com/201809/26/d4e61db7e723fc5e03b19255871c59bd.jpg,#索尼微单9月影赛# 《秋·语》
https://bbs.qn.img-space.com/201809/25/38fe6ec1dc00584d9d460d95950aae9d.jpg,标题还在想。。。
https://bbs.qn.img-space.com/201809/25/fdd136d3cb6e1258615e8965e2b88514.jpg,应笑画堂空
https://bbs.qn.img-space.com/201809/25/b4ecb25ff4804b30f21e626111fc0fa1.jpg,【菜々手摄影】暗光帅哥一组
https://bbs.qn.img-space.com/201809/25/58e9e88464208f78bbcd3f16414050ed.jpg,【菜々手摄影】暗光装逼一组
https://bbs.qn.img-space.com/201809/25/b4040a83c3b786faa3788b10c2d6572a.jpg,Smoke disorder
https://bbs.qn.img-space.com/201809/25/4bb7fdda3dc2eb071adab7d4be30d993.jpg,Smoke disorder
https://bbs.qn.img-space.com/201809/25/4f78fa860d5dc643f2f372acf9407e95.jpg,甜美死库水
https://bbs.qn.img-space.com/201809/24/34eab61fedd941100b75893f36f31e85.jpg,野花の季節
https://bbs.qn.img-space.com/201809/23/a68f1bdba8d2aa05aee6d398b7ac8dff.jpg,夜晚的街道
https://bbs.qn.img-space.com/201809/22/4748ea971f5e78fa8bb7b1130d9488ad.jpg,《艳·葵》
https://bbs.qn.img-space.com/201809/22/9f7af93601693952114c4067877b0ab9.jpg,网球比赛还没有开始
https://bbs.qn.img-space.com/201809/22/80ee1e8a1de1cb3740e1d13b5c0a715f.jpg,《 Fascinante 》
https://bbs.qn.img-space.com/201809/22/b48514a404d77eefbff5dc23e08d29ff.jpg,九歌。山鬼
https://bbs.qn.img-space.com/201809/22/293142217507ccbd162ba3c8293085a3.jpg,————留夏————
https://bbs.qn.img-space.com/201810/9/9c3dbef0980a52d9d50a6d20344487fa.jpg,Wind disorder
https://bbs.qn.img-space.com/201810/9/1cf23b6db8e208939e752835d91fa1a1.jpg,时光留下的痕迹（港风人像，复古风）
https://bbs.qn.img-space.com/201810/9/563f8d978de6abb33228701bec6a369a.jpg,第一次爬五岳之一的恒山
https://bbs.qn.img-space.com/201810/9/4f6462fd196c54fcf98c964cb0470016.jpg,国庆出游作业第二波，人妻的798之旅
https://bbs.qn.img-space.com/201810/8/66802f9afcc71af33585bd744a1680f1.jpg,只用表情包就能撑起一组照片
https://bbs.qn.img-space.com/201810/8/532679615ed47de2cdb40411337c93a2.jpg,只用表情包就能撑起一组照片
https://bbs.qn.img-space.com/201810/8/605fa4928aff7b40696154dfada703c9.jpg,室内唯美婚纱写真
https://bbs.qn.img-space.com/201810/8/610bd0bbcb12e55aa1f81660b53f2c86.jpg,逆光之美，赛普健身普拉提导师吴亚兰写真
https://bbs.qn.img-space.com/201810/8/be0c14b2d155f3e0a617149a87482099.jpg,【右视觉摄影】Let it be
https://bbs.qn.img-space.com/201810/8/f370d97db0855ca645a044d2cfb5499e.jpg,宫小主-颦儿|闲静似姣花照水，行动似弱柳扶风
https://bbs.qn.img-space.com/201810/8/bb4ca26278f139aa2338c378003ebcd8.jpg,北京/情侣写真集/
https://bbs.qn.img-space.com/201810/8/f5fa6f2038d2237e194454330fd8f9e3.jpg,观“影”有感
https://bbs.qn.img-space.com/201810/8/4e19ba5f958ddb949cdb291751d192c2.jpg,呼伦贝尔风光 - 三河马场
https://bbs.qn.img-space.com/201810/8/7b17bf15101c9b93a3542b5d3a5ddcf3.jpg,私房约拍！
https://bbs.qn.img-space.com/201810/8/04bd445681704e0e0d283700b40f886c.jpg,时尚中国风
https://bbs.qn.img-space.com/201810/7/72dd3bb8115687a06a9d34d27fba91f1.jpg,我穿上了绿军装
https://bbs.qn.img-space.com/201811/5/22bcc4aa0188dadfb6f536d21beff9c8.jpg,购物车里的小姐姐   1DX+50L
https://bbs.qn.img-space.com/201811/5/a0e2962b902d6f8eebe0501db0370793.jpg,『梦之森』
https://bbs.qn.img-space.com/201811/5/c6c2f39e6d3910e147e50b9b454033f5.jpg,小 性 感 012
https://bbs.qn.img-space.com/201811/4/d25e9713084d13361a8627342d7e7290.jpg,舞动青春（-）
https://bbs.qn.img-space.com/201811/4/b0287d0acd11e7d37201730fe270b357.jpg,森林颓废人像
https://bbs.qn.img-space.com/201811/4/544e8376c994cfecf446c99d5cc0b804.jpg,——秋日阳光——
https://bbs.qn.img-space.com/201811/4/c0f905c0804faee37f523009b29dcef5.jpg,假如我年少有为
https://bbs.qn.img-space.com/201811/4/76da3a341743403245c8a0db56225265.jpg,初冬的味道
https://bbs.qn.img-space.com/201811/4/123f47d2241a861f3dc0a0562890b23e.jpg,波光流转 逝水年华
https://bbs.qn.img-space.com/201811/4/b6f384561671a6e06e009bdca39ce536.jpg,粉色少女心
https://bbs.qn.img-space.com/201811/4/e8c6d9c295810d01941fa80bd2f4c2ae.jpg,小 性 感 011
https://bbs.qn.img-space.com/201811/2/90bb23ae650d4e3b8ade452a69c7ce65.jpg,《稻·香》
https://bbs.qn.img-space.com/201811/2/9fda2589b4b921a45927fdff2de422fb.jpg,暖暖的午后
https://bbs.qn.img-space.com/201811/2/1495d759a10cd00fef1f4eab968873f0.jpg,请教各位前辈来了(*^▽^*)
https://bbs.qn.img-space.com/201811/1/427e16bb10377d2643b235896511f672.jpg,伟大的中国梦
https://bbs.qn.img-space.com/201811/1/f9ba35a83a0685c6b43c84c2f30e0013.jpg,《倪纱》一个人的婚纱。。
https://bbs.qn.img-space.com/201811/1/0c69a4f01f6f0e3f0746b70f9071e6a9.jpg,2018.10.29 私房
https://bbs.qn.img-space.com/201811/1/e79874d7c39f3fdf551a1ddd9e470330.jpg,稻田里的美景
https://bbs.qn.img-space.com/201811/1/9438c8fa655a440d3b5b309e8cfcb708.jpg,稻田里的美景
https://bbs.qn.img-space.com/201811/1/8fb748f4ab8476028d61a8b192219619.jpg,索尼微单A7R3拍摄万圣节小姐姐
https://bbs.qn.img-space.com/201810/31/cc1a413051dcf1d61f7fb673a16d8c7c.jpg,《浅秋》之像外拍
https://bbs.qn.img-space.com/201810/31/da74f35aabf4286b4e340be7c8f21f2b.jpg,沐浴阳光暖秋
https://bbs.qn.img-space.com/201810/30/c1626df69a3be9527161f7a9efd56f53.jpg,车女郎 车女郎
https://bbs.qn.img-space.com/201810/30/30a963c0678652259190ed842c5f8471.jpg,《御龙行》
https://bbs.qn.img-space.com/201810/29/768c8e620b45771a2567b849fa06e283.jpg,——人间游——
https://bbs.qn.img-space.com/201810/29/17f8fd02330066aa51a91893799947a6.jpg,人像摄影---韵
https://bbs.qn.img-space.com/201810/29/78391f45613133ff79559497b7de577a.jpg,【花季少女】
https://bbs.qn.img-space.com/201810/29/1d499b66a353e9573a96c119ef0c703f.jpg,小妮子的美好时光
https://bbs.qn.img-space.com/201810/28/7bc1bb460da5654e91c25179202c965f.jpg,《伊娃摄影》堕翼天使
https://bbs.qn.img-space.com/201810/27/54810a5db68989b0618303fad00d76f2.jpg,人像 | 空房间
https://bbs.qn.img-space.com/201810/27/f6f47c3fa801e97be7cdaa98086bab3e.jpg,梦中的灯光，为谁点亮？[星星]
https://bbs.qn.img-space.com/201810/27/db60ed2bd3d51b3294797154940ac925.jpg,小时代-少女心（1）
https://bbs.qn.img-space.com/201810/27/837211378e5328a9459a0675855f954a.jpg,风吹的声音
https://bbs.qn.img-space.com/201810/27/805ad33c53b2db22763f76b431903b0a.jpg,玲珑透红绡
https://bbs.qn.img-space.com/201810/26/2582cb8c061f585dfe2fc7b1e56dc7cb.jpg,天漠情未了
https://bbs.qn.img-space.com/201810/26/1b266427c529df64fdcbd25e0caed20c.jpg,伊豆的舞女
https://bbs.qn.img-space.com/201810/26/41eabfd3317e734f011683d34d2e47bd.jpg,#索尼微单10月影赛# 【有映画】幻梦
https://bbs.qn.img-space.com/201810/25/1d40e24fd66eb034aa34a836fdba55e7.jpg,#索尼微单10月影赛# ////　海角七号　////　----　幻影骑士作品
https://bbs.qn.img-space.com/201810/25/acc8fe0a960fee86e150d6a501382c5d.jpg,——忘尘谷——
https://bbs.qn.img-space.com/201810/25/c426490618d041e381232c25306f33cf.jpg,匠人…最后的老铁匠
https://bbs.qn.img-space.com/201811/14/a287d74f716b6532815a45e77aefd81e.jpg,舞蹈的童年
https://bbs.qn.img-space.com/201811/14/a4ff4d26acd451f7344b4f09e2391ef2.jpg,密林的呼唤
https://bbs.qn.img-space.com/201811/14/1914d5be81e112d1605bc44fcd10ab03.jpg,#索尼微单11月影赛# 魔法大布娃娃
https://bbs.qn.img-space.com/201811/13/8db337b8f3f3517fd3c46114c7c04b8d.jpg,#索尼微单11月影赛# 《芙蓉》不可说摄影作品
https://bbs.qn.img-space.com/201811/13/a86a4cacde40275759033df65fab9037.jpg,#索尼微单11月影赛# 秋季人像外拍---第三季
https://bbs.qn.img-space.com/201811/13/2c03f410186082868e2843940f3806b1.jpg,名宿中的粉喵人像
https://bbs.qn.img-space.com/201811/13/945dd69ccd1539bd9f0cb263379143be.jpg,双十一济南站人像外拍-拾光落影
https://bbs.qn.img-space.com/201811/13/f2cbb582bc4f29e7620675562d874789.jpg,秋日 · 芦苇
https://bbs.qn.img-space.com/201811/12/f51c5869b086fe4301714d6ddbd6a356.jpg,#索尼微单11月影赛# 周末早晨798的一组拍摄
https://bbs.qn.img-space.com/201811/12/f0d8bb946b0c493a6ec43cd612f03057.jpg,小 性 感 032
https://bbs.qn.img-space.com/201811/12/a94a3e6bb7866b39212ae23eaa872cf6.jpg,2018.11.11彭镇老茶馆
https://bbs.qn.img-space.com/201811/12/22f32dd1753dd213c582767c1f84d5a2.jpg,小 性 感 031
https://bbs.qn.img-space.com/201811/12/cee8dd384d9e2ecb6730599d3dd5831e.jpg,悠然の午後時光
https://bbs.qn.img-space.com/201811/12/838adcfd245c7e2e91aa9cb3eaee6f65.jpg,-无问西东-
https://bbs.qn.img-space.com/201811/12/66a4b9d4598a4a7a0f5f15e48c96389a.jpg,《尘埃落定》
https://bbs.qn.img-space.com/201811/12/0b131fb12659a32018cc7f39ffd20c73.jpg,《红衣女郎》
https://bbs.qn.img-space.com/201811/11/9f3239f5aea8c2771d0c89f420afc29a.jpg,Solitude control
https://bbs.qn.img-space.com/201811/11/2744eb64e9519c0a64675378323f7e73.jpg,#索尼微单11月影赛# ——吊带女孩——
https://bbs.qn.img-space.com/201811/11/9a0f195b92fd59c609c60d5d0a9c7eb5.jpg,#索尼微单11月影赛# 森林性感欧美风格写真
https://bbs.qn.img-space.com/201811/11/387e81f2d2fd86d0632446de6f3c6d41.jpg,#索尼微单11月影赛# 森林性感欧美风格写真
https://bbs.qn.img-space.com/201810/7/72a7b5d1196e097c1476a8ae1a9864d1.jpg,何日有清秋
https://bbs.qn.img-space.com/201810/7/1fea169e46135b9b5b47b9e296a9bad7.jpg,————崖————
https://bbs.qn.img-space.com/201810/6/42c85b9572d4c7ba2a6ab999be23cbad.jpg,园博东丽人
https://bbs.qn.img-space.com/201810/6/efd886df3b96346381021f0f18cc130d.jpg,胶卷片：纹身店里的女孩
https://bbs.qn.img-space.com/201810/6/0fb8f0b56fa03371607258b778265b01.jpg,广州花都湖
https://bbs.qn.img-space.com/201810/6/5b96fea03117994f1b8236e6a2a2ad41.jpg,柴火陶烧~传承着千年窑火，泥土与火焰的交织
https://bbs.qn.img-space.com/201810/6/ed726e8a83ebd8daf95487ac5306e2ff.jpg,中秋的天气还略显燥热，但是教室的阳光很美，随拍几张，蔡司50 f1.4头
https://bbs.qn.img-space.com/201810/5/164f4ed5d8f232d0889a5ee6a9fe0410.jpg,十月份照片小节
https://bbs.qn.img-space.com/201810/5/6ad9e6124cb2f34a7f588c0a0d7dccd0.jpg,平和打包厂旧址
https://bbs.qn.img-space.com/201810/5/a067cdffeb0a38d3a153e1199390faf6.jpg,【饼干】昭君及笄
https://bbs.qn.img-space.com/201810/5/155e0fb81eb66fd5ae2c4e4162b7a07e.jpg,【饼干】昭君及笄
https://bbs.qn.img-space.com/201810/5/d4170f99e7a34c3813c91e9fcf6092d0.jpg,2018.9.30 森系
https://bbs.qn.img-space.com/201810/5/a70059e4586a8f86d1400899d33a3f65.jpg,2018 ido漫展上的小姐姐们
https://bbs.qn.img-space.com/201810/5/79884073f06b75948793df56bf5d66ed.jpg,【右视觉国庆特集】 右视觉创意画意作品集
https://bbs.qn.img-space.com/201810/4/fae42a16323ef7d7adf69b998b616291.jpg,一套胶卷片
https://bbs.qn.img-space.com/201810/4/78b8c744460ef6703d609c6246c6e563.jpg,大理旅拍风车山
https://bbs.qn.img-space.com/201810/4/eaca136af593fb757bd8488c94c21402.jpg,『那年夏天』
https://bbs.qn.img-space.com/201810/4/49c71c4eaff14fcf549340bb4b3068af.jpg,---麦田---
https://bbs.qn.img-space.com/201810/4/db07e600af094984076f45f8153b0e03.jpg,《夏之语》
https://bbs.qn.img-space.com/201810/3/5ed111362550feb7b91da1a3e15e5267.jpg,一组黑白的
https://bbs.qn.img-space.com/201811/11/b13d44ff0ac9401d58db3ae89df9f307.jpg,Magic  Magic  Magic
https://bbs.qn.img-space.com/201811/11/fdec950c8597e440a068184148bb47c8.jpg,质感人像片/
https://bbs.qn.img-space.com/201811/9/83be4380428a83c2f3751a152cb6895e.jpg,#索尼微单11月影赛# 小性感&amp;冬日暖阳
https://bbs.qn.img-space.com/201811/9/6f196f8ef516617f9e2daf3a4bcbb875.jpg,#索尼微单11月影赛# 【有映画】小时候的行李箱
https://bbs.qn.img-space.com/201811/9/795a56581b28c41b3a1a278c33f2dff9.jpg,——梦·伞——
https://bbs.qn.img-space.com/201811/8/f1cb729fdb006e20207aa89f87e978cb.jpg,中 国 风 01
https://bbs.qn.img-space.com/201811/8/d5acd2f948c3efef44373901de4bfe21.jpg,#索尼微单11月影赛# 云想衣裳花想容
https://bbs.qn.img-space.com/201811/7/f347dceb89027507646fa8334acc0032.jpg,小 性 感 021
https://bbs.qn.img-space.com/201811/7/fa05e70aeaec93626e2a135917a44b72.jpg,#索尼微单11月影赛# ——秋日黄昏——
https://bbs.qn.img-space.com/201811/7/d3b0b71ffa95c52dc7e8fd206b7cc564.jpg,客照 阳光明媚的一天
https://bbs.qn.img-space.com/201811/7/00baa003c7022542f4c3ae85f9c8ede3.jpg,风一样的女子-写真人像
https://bbs.qn.img-space.com/201811/7/6d3038b7aff75f34ad4d2a678bfdfe92.jpg,小 性 感 020
https://bbs.qn.img-space.com/201811/7/db6549dc622c5498e9cfd643594f92bc.jpg,秋日私语-----草原人像
https://bbs.qn.img-space.com/201811/7/4014dbc99dbdf79388588803031f91a1.jpg,秋日私语-----草原人像
https://bbs.qn.img-space.com/201811/6/cf47e8a889bc7f290419dfaf02471cbb.jpg,醉卧花海，待我长发及腰？
https://bbs.qn.img-space.com/201811/6/e58fdad6c9572485bf3ef6496eac6824.jpg,#索尼微单11月影赛# 今年最后一场死库水
https://bbs.qn.img-space.com/201811/6/36d7139efb22cb485c1652ba43e000e5.jpg,COSPLAY 工作细胞 血小板！！
https://bbs.qn.img-space.com/201811/6/acfdb2b03619533fff67334009f7622f.jpg,不羁的街道
https://bbs.qn.img-space.com/201811/5/70cdda47f46c92140ff261360ec605c6.jpg,【私房】人总是在接近幸福时倍感幸福在幸福进行时却患得患失。_10P
https://bbs.qn.img-space.com/201811/5/4d0c2aa19deac7746aa9246d56c86d79.jpg,【复古私房】黑暗中透进来的光亮。_12P
https://bbs.qn.img-space.com/201810/3/9214d7204133cc318ee486d376086e5b.jpg,蓝鲸儿童摄影|儿童写真厨师系列拍摄
https://bbs.qn.img-space.com/201810/3/d70190b95b132c995505199d8c7011bc.jpg,《迷·情》
https://bbs.qn.img-space.com/201810/3/3e57ef2ba5bb167351923e9f5d428747.jpg,2018.9.28龙潭水乡
https://bbs.qn.img-space.com/201810/2/79a40048043a06688910ecf0f839f432.jpg,仲秋，你的模样
https://bbs.qn.img-space.com/201810/2/92eff0bf9aac0913059111537b1f879c.jpg,又拍龙窑（外模一组）
https://bbs.qn.img-space.com/201810/1/b0bde43c7bc6ff44d2143a61038b25ed.jpg,人生而孤独
https://bbs.qn.img-space.com/201810/1/79cc2984118b306176d8cd6a2c49d14c.jpg,《悸·动》
https://bbs.qn.img-space.com/201810/1/b539659b41637948e0a0d3544d362a9b.jpg,《悸·动》
https://bbs.qn.img-space.com/201809/30/0ac546baab8ef28614b5112963ce201c.jpg,花儿  白夜行作品
https://bbs.qn.img-space.com/201809/30/17e0a8b833d79313f5763707f44293e0.jpg,花儿  白夜行作品
https://bbs.qn.img-space.com/201809/30/3a5f0761ca041a94f7d6d0ce5e2b8b8b.jpg,第一次拍汉服
https://bbs.qn.img-space.com/201809/30/f663952337303e1f628f9c7c0a3a442d.jpg,阿涛摄  佳佳美妞
https://bbs.qn.img-space.com/201809/30/6115ff21772d2a47983a0398adad1e6e.jpg,《伊娃摄影》牧场盛装
https://bbs.qn.img-space.com/201809/30/20d5cf8ea7c00ac3994055edb5bae1b9.jpg,粉黛墨《羽升妍》
https://bbs.qn.img-space.com/201809/30/0d99b4922239ac87b97f188b5480e759.jpg,【右视觉摄影】生如夏花
https://bbs.qn.img-space.com/201809/30/e71ad89ec2c2ea38fa899cf60dee2988.jpg,迷幻记--纹身店里的妹子
https://bbs.qn.img-space.com/201809/30/afa0dcd3ee6d67fd3369d3f7cb206285.jpg,迷幻记--纹身店里的妹子
https://bbs.qn.img-space.com/201809/30/0f705d472d82d77053cdbeb0913a0299.jpg,尝试梦梦幻人像
https://bbs.qn.img-space.com/201809/30/39f60c4ef9927aa1e8aa416cec2434e8.jpg,《繁星如你，日月交辉》
https://bbs.qn.img-space.com/201809/30/2a62f93206944e77523bee445ea3e458.jpg,《繁星如你，日月交辉》
https://bbs.qn.img-space.com/201810/25/03adec894a60366b35ff79172a8789a3.jpg,英伦小贩车
https://bbs.qn.img-space.com/201810/25/65d7e70fa3eda007cf234b964b26a239.jpg,难怪最近爱座地铁了！
https://bbs.qn.img-space.com/201810/24/68dee2facc5551c6f801d50013b04af7.jpg,花园角落传来一阵歌声，一定记得，要温柔，要快乐
https://bbs.qn.img-space.com/201810/24/2d8a9f27e0b17e305419a14d41eb6cf7.jpg,#索尼微单10月影赛# 旅拍风婚纱
https://bbs.qn.img-space.com/201810/24/034603e5fec4dc87dcda4d0cda640694.jpg,春园时光。
https://bbs.qn.img-space.com/201810/23/5fe9edf1b54fea37bdc0514490ff14c3.jpg,《浣溪纱》
https://bbs.qn.img-space.com/201810/23/f68bd02556d8fe9a80d977a991048165.jpg,鸭绿江，丹东
https://bbs.qn.img-space.com/201810/23/61b42e8843f92d8d839faf1b05428a88.jpg,yoga的鸽子少女
https://bbs.qn.img-space.com/201810/23/a2ceffc705229347fc3d044a9c98d178.jpg,鍾曦南steven
https://bbs.qn.img-space.com/201810/23/4d4a232c2c39e784feb0589c705115f5.jpg,她在葵花园
https://bbs.qn.img-space.com/201810/22/b15389bfbf0e7f34ab131ec83d1557c2.jpg,#索尼微单10月影赛#    中秋节带上索尼微单和小姐姐们去玩海
https://bbs.qn.img-space.com/201810/22/ac6f5ca98853e4af0b0a7f44ae9d4a47.jpg,#索尼微单10月影赛# 女朋友日记【50P】
https://bbs.qn.img-space.com/201810/21/bc7881ab6e62dae03ea42e6ea80ffb1f.jpg,——浮光录——
https://bbs.qn.img-space.com/201810/21/28aaa67693ab306b3b571290e5f0448c.jpg,日本艺伎摄影习作
https://bbs.qn.img-space.com/201810/21/35137156fc35f8d0412029b2fcaf51bb.jpg,steven.Bunnada Na Ranong
https://bbs.qn.img-space.com/201810/20/e70e488a42d187e03835f48d30076e92.jpg,【YEAH VISION】暗
https://bbs.qn.img-space.com/201810/20/6eaedf44cd0d7696ea82a671ead403fa.jpg,#索尼微单10月影赛# 荧光灯是夜的最好伴侣
https://bbs.qn.img-space.com/201810/17/a67705dfaf5fef317159bfab190aa24a.jpg,给我一支烟吧
https://bbs.qn.img-space.com/201810/17/c5a8a1edfde307642492eb34544788bb.jpg,秋瑟  白夜行作品
https://bbs.qn.img-space.com/201810/17/1472392a069dbd95f2d3f3eab79e5dc8.jpg,秋瑟  白夜行作品
https://bbs.qn.img-space.com/201810/17/ba6108586862df14fab1130a10e44ecf.jpg,爱克发400黑白卷拍的一组人像
https://bbs.qn.img-space.com/201810/17/207e8ced53b79dd75d823428bb07aa89.jpg,油画调-油纸伞画意
https://bbs.qn.img-space.com/201810/17/4a7e9f75cca9fdc408b8e99ffb4284c6.jpg,九月九日又重阳
https://bbs.qn.img-space.com/201810/17/8c29416f3362c87b3e987c7f728fea63.jpg,《前世今生》
https://bbs.qn.img-space.com/201810/16/640ecbcb3f217ffee27fbd30b6cb4bcf.jpg,胡杨情 胡杨情
https://bbs.qn.img-space.com/201810/16/5a833ab8593904b02d0e8a18ea72b2f9.jpg,为了宝宝再次拿起相机，记录第一次出行
https://bbs.qn.img-space.com/201810/16/420a8f571d25de5a3de4293b070634fa.jpg,————噤————
https://bbs.qn.img-space.com/201810/15/0b290a48befce5a146aecc4282223a74.jpg,【唐宋遗风】
https://bbs.qn.img-space.com/201810/15/526ab2884dd6dca630a818eb05a9aaad.jpg,人间所事堪惆怅，几点黄花又一秋
https://bbs.qn.img-space.com/201810/15/3b3ee2dce715d4aae74905c179de394c.jpg,这个秋天没有给我惊喜
https://bbs.qn.img-space.com/201810/15/31ec7f332129cecbf21e0e36cbd6cd7d.jpg,老瓦瓦，你拍的不是孩子，而是情人
https://bbs.qn.img-space.com/201810/15/d16889f6bf7d52e8ae795e151b46241e.jpg,餐厅里的旗袍
https://bbs.qn.img-space.com/201810/15/f975fdd91c081a50d9bb27c2ad20f8a6.jpg,和风少女（中山影视城）
https://bbs.qn.img-space.com/201810/15/7743e30dd77b32b7f91301bff4e7586a.jpg,和风少女（中山影视城）
https://bbs.qn.img-space.com/201810/13/f887879da63635081ad0466ac72798b6.jpg,千红万紫离人醉
https://bbs.qn.img-space.com/201810/13/ce50e46db4167385dc07954816d0f1ae.jpg,再来组老图新修
https://bbs.qn.img-space.com/201810/13/bc3c2d5586dd79b3481cdbf9f0d683f4.jpg,好久没发图了，发一组国庆西安城墙的片子
https://bbs.qn.img-space.com/201810/12/5e138e8944ac259bc38c36a6bb3df74b.jpg,10月11日 晴
https://bbs.qn.img-space.com/201810/12/c788c500a5728fbc47d808832d9feed1.jpg,夕阳下的格桑花·畅
https://bbs.qn.img-space.com/201810/12/cc35ae31e443a7a140ccb282c91011cb.jpg,《初见印象》
https://bbs.qn.img-space.com/201811/21/1284b85466368437e3862d3081604b73.jpg,#索尼微单11月影赛# 浓郁的怀旧，用SONY A7RM3拍一场复古人像
https://bbs.qn.img-space.com/201811/21/2a0a8718f6ad53260784b9a5fb5002c3.jpg,孤独常伴习以为常
https://bbs.qn.img-space.com/201811/21/d8134b3b5639e9344f38844cc5d80916.jpg,「 自 题 」
https://bbs.qn.img-space.com/201811/20/ebe8a26d6f65e1c07bfaecc30333a155.jpg,「童 话」
https://bbs.qn.img-space.com/201811/20/268ffccc44332416f6958248d51db4b9.jpg,#索尼微单11月影赛# 画秋芦
https://bbs.qn.img-space.com/201811/20/7caa5d92e7a2da98afc6d5e99ee878b5.jpg,《秀湖卿影》
https://bbs.qn.img-space.com/201811/20/d424ca455e6dc9c9d9d64d96aca09b7a.jpg,#索尼微单11月影赛# 2018年秋明孝陵的神道
https://bbs.qn.img-space.com/201811/20/c9d988def19b926da1557f7591918d5a.jpg,一组仕女工笔画
https://bbs.qn.img-space.com/201811/20/d5abc1c9936037b73dbfec2090a8c005.jpg,童趣之越过山丘
https://bbs.qn.img-space.com/201811/20/dd25b9db04554884f48eb7be764273f1.jpg,一扇窗帘、一台rx1rm2、一组私房。摄影本该如此简单。
https://bbs.qn.img-space.com/201811/20/4f4b04bda3d16479b71eca5c623a009d.jpg,软软一枚大眼萌~~
https://bbs.qn.img-space.com/201811/20/64dec2432646869081b3e50dc259d9da.jpg,一组女企业家人物肖像……
https://bbs.qn.img-space.com/201811/19/ac1755ab25be573e4cc64ab97f224ad4.jpg,小 性 感 048
https://bbs.qn.img-space.com/201811/19/6347c7a1dd08be6e86dbaee46852480c.jpg,小 性 感 047
https://bbs.qn.img-space.com/201811/19/da1afbe1a269187ab077c18987ee8c63.jpg,&lt;秋日校园&gt;
https://bbs.qn.img-space.com/201811/19/6a8da1344b1e2f1f9cb25d04203bdecc.jpg,影棚人像摄影试拍1
https://bbs.qn.img-space.com/201811/19/a8bacd28daaf4321445a56b3487cc38f.jpg,一套宜家风私房
https://bbs.qn.img-space.com/201811/19/3d3f079b2fa441a0921d0af88f1e2579.jpg,一套宜家风私房
https://bbs.qn.img-space.com/201811/19/298e437b2e0fc7183266dd6667730063.jpg,&lt;遇&gt; -  重庆夜景人像
https://bbs.qn.img-space.com/201811/19/1adb707b7e69a6733aed098022dfa53f.jpg,老镜头下的情绪和色调
https://bbs.qn.img-space.com/201811/18/e0f3d095b889b39aab9422efeb74294b.jpg,「荒境Ⅲ」
https://bbs.qn.img-space.com/201811/18/5f6b0b680c799f8e67d11cd13f79344e.jpg,【求点评】王家卫电影风格
https://bbs.qn.img-space.com/201811/18/e85c24bb081f39f24e36e37d954d5529.jpg,少女与其宠
https://bbs.qn.img-space.com/201811/18/dc846c0662c1e27920439dad5aaf1786.jpg,小 性 感 045
https://bbs.qn.img-space.com/201811/18/baf41be4fa2cacbb811f12c1eebe2564.jpg,#索尼微单11月影赛# ——银杏树下——
https://bbs.qn.img-space.com/201811/17/2748387c08fcf73d2fa795e2df5c2e3d.jpg,#索尼微单11月影赛# 霓裳曲
https://bbs.qn.img-space.com/201811/17/a31e41a413172ada1911286c0acb7f65.jpg,《25度灰》
https://bbs.qn.img-space.com/201811/17/42fd7e578a7f967efe1541e20c744692.jpg,深业上城街拍
https://bbs.qn.img-space.com/201811/16/3579b87a5b6a656e05f70ddf1d83f413.jpg,——任何天气_
https://bbs.qn.img-space.com/201811/16/4f21321ea13299b18bec4fc2e8242d86.jpg,2018.11.16百花潭公园
https://bbs.qn.img-space.com/201811/16/7bdc2cf2f103884cef12c87dd78d168e.jpg,一组冷酷造型
https://bbs.qn.img-space.com/201811/16/0cb74aeb6b6b46fcb55cae221034fdfe.jpg,#索尼微单11月影赛# 体面
https://bbs.qn.img-space.com/201811/16/57cfa021e3bde00147b493ff30ddcb7e.jpg,#索尼微单11月影赛# 人气摄影师戴旺秋风光摄影作品《-20，极度严寒》
https://bbs.qn.img-space.com/201811/15/cb15c0f0b9737fa5d18d4cc77853fd7f.jpg,扬州今天阴天
https://bbs.qn.img-space.com/201811/15/64ee8199e9b7075800c64213d3d2a2cb.jpg,秋日物语（卡蓝伊出品）
https://bbs.qn.img-space.com/201811/15/606b719dcff0de48b0aa6bb6f953d4bd.jpg,光的留恋-天火
https://bbs.qn.img-space.com/201811/15/91a1d95d54a9b4769e4fdcd63ae8be5e.jpg,秋/时光 smpStudio
https://bbs.qn.img-space.com/201811/15/c108e859615da11546e20199387a54f4.jpg,一梦 千年~~
https://bbs.qn.img-space.com/201811/15/0eaadadf40524292a1c5e5e1b7bc0d80.jpg,#索尼微单11月影赛# 一组cosPlay《恶女花魁》
https://bbs.qn.img-space.com/201811/15/dc9ec24a9384735e7a9f16885c4dc135.jpg,——竹间影——
https://bbs.qn.img-space.com/201812/14/f7e3c604fde6037c414aa8f0da1b06a4.jpg,韩国性感篇章（第一次的拍摄） 2016.09.16.
https://bbs.qn.img-space.com/201812/14/d390fd13d94b5b37c6f2649075d7ea74.jpg,冬日—春光
https://bbs.qn.img-space.com/201812/14/e938bc80b6392fa761382a0752f2bdef.jpg,冬日—春光
https://bbs.qn.img-space.com/201812/14/499445060756064bc7df489948d04803.jpg,#索尼微单12月影赛# 枫林晚
https://bbs.qn.img-space.com/201812/14/8c48d78adbe9c4344cf32a93ae2621ab.jpg,那一天曾像见
https://bbs.qn.img-space.com/201812/14/41539c7067b086f7a107511205d2fd77.jpg,那一天曾像见
https://bbs.qn.img-space.com/201812/14/57416c95e6df7bd4f8259f2daeda04d2.jpg,【黑白系商业人像】Dorothy·Z 2018
https://bbs.qn.img-space.com/201812/14/61f7bde7ff19f90436eb49defd70997b.jpg,两只小可爱
https://bbs.qn.img-space.com/201812/13/c333ad89e11a586f802748f22f72856f.jpg,青い空の鯉のぼり
https://bbs.qn.img-space.com/201812/13/8c0342030b220e7c9d7865ede6eac751.jpg,#索尼微单12月影赛# “君の名は”
https://bbs.qn.img-space.com/201812/13/41af61150b16143321330b4b773b8a7a.jpg,『Your princess dream』
https://bbs.qn.img-space.com/201812/13/8f76d0bcd471aed79cbe1383329d9572.jpg,桌美年会人像随拍
https://bbs.qn.img-space.com/201812/13/e92746d53aa5c65543b7ef2f5f1357d7.jpg,街拍小清新
https://bbs.qn.img-space.com/201812/12/57e1fd321f05fbe4c705f060d545aee1.jpg,老城旧事--通江路口的裁缝
https://bbs.qn.img-space.com/201812/12/a13aab98f4653dd616de3edb5e425941.jpg,【广州摄影】偷偷告诉你圣诞小姐姐来啦
https://bbs.qn.img-space.com/201812/12/66dce3544f090e120df79c2a2c3df7f1.jpg,【广州摄影】偷偷告诉你圣诞小姐姐来啦
https://bbs.qn.img-space.com/201812/12/8608fa1bf38fefd63f659b9f463efc50.jpg,纷纷暮雪下辕门
https://bbs.qn.img-space.com/201812/12/cc5317dd175f5b510f34f7bba41cbdb6.jpg,路边小酒馆
https://bbs.qn.img-space.com/201812/12/4dfd520dc16a2a58406c74f1b503a283.jpg,一个深秋的下午
https://bbs.qn.img-space.com/201812/12/4be5ef7f58eaffefe00022c62b7ebfbc.jpg,花里的时光
https://bbs.qn.img-space.com/201812/12/e15b0e9c424a3d686016370097178f98.jpg,嫁给爱情 应该就是酱紫
https://bbs.qn.img-space.com/201812/11/b81da0f92a387cd7d6423f77125da5e9.jpg,小 清 新 08
https://bbs.qn.img-space.com/201812/11/ed341b420633311e5d2a3ab30b42a105.jpg,小性 感 052
https://bbs.qn.img-space.com/201812/11/4f7956d86f82eaed5f8efe64a1e1a413.jpg,圣诞快乐，来个圣诞主题
https://bbs.qn.img-space.com/201812/11/c2c0a50b5f52c7ea9e58cb18ec156a46.jpg,#索尼微单12月影赛# 带着A7RM3，在旺角街头寻找复古港味
https://bbs.qn.img-space.com/201812/11/9ab5ca79e3f9ec6ec0d455ca94ccabe3.jpg,#索尼微单12月影赛# 带着A7RM3，在旺角街头寻找复古港味
https://bbs.qn.img-space.com/201812/11/0e898a47efd9e322c3e1428c5dcb10ea.jpg,花魁娘子--风华绝代
https://bbs.qn.img-space.com/201812/11/d073279e33e0072fb00591149b14ceb0.jpg,这不是死库水
https://bbs.qn.img-space.com/201812/11/2ca375da4d2e4edd105757a6527678de.jpg,#索尼微单12月影赛#  灰色毛衣
https://bbs.qn.img-space.com/201812/11/779b3860ea52e08fb39d698f6f61fe4a.jpg,旋转木马少女心
https://bbs.qn.img-space.com/201812/11/606e40225a634f41d4e9a3d2753cd4dd.jpg,多云转晴。
https://bbs.qn.img-space.com/201812/11/a9c9b28667730bba82fd9e21102d08f7.jpg,糖果屋的少女
https://bbs.qn.img-space.com/201812/10/7e02464b3de73f365f522d20d0645617.jpg,我想每日挽着同样的手臂
https://bbs.qn.img-space.com/201812/10/7ba31c6ed8dedac7796fa1d60fb53a30.jpg,#索尼微单12月影赛# LAST LIGHT
https://bbs.qn.img-space.com/201812/10/d111850153cbb70897ad1011b555e893.jpg,【右视觉摄影】月影物语
https://bbs.qn.img-space.com/201812/10/e517e81707da74aef201826cd5986590.jpg,人像摄影---廖
https://bbs.qn.img-space.com/201812/10/ac4166e3ec13f8d25f08cec77a5c9913.jpg,#索尼微单12月影赛# 孤独患者
https://bbs.qn.img-space.com/201812/10/41825483a3d090660a7cd228cfdb19bc.jpg,玉容.梨花落
https://bbs.qn.img-space.com/201812/10/67c69dbcc9e13c70e111ff9fb70c322c.jpg,玉容.梨花落
https://bbs.qn.img-space.com/201812/10/5246b7952c650b3b1830ef52e360a7fc.jpg,生活乐章----嵩山好来屋
https://bbs.qn.img-space.com/201812/10/5fe45100e6cdcb753e7df808e140f97e.jpg,莱拉映画照出你的美
https://bbs.qn.img-space.com/201812/10/c2b203031dacc8e29a5ecfcfd7e67974.jpg,2018.12.8小凤凰古镇
https://bbs.qn.img-space.com/201812/10/d449b07da6d597d2fa0c15553d383ddb.jpg,数码相机的胶片味，浅谈索尼微单A7RM3的后期处理
https://bbs.qn.img-space.com/201812/10/76c43f999137daf6d67d29aeac007c67.jpg,#索尼微单12月影赛# 时光清浅，有女儿相伴
https://bbs.qn.img-space.com/201812/9/55f34e0d737e8cbb8c6cb38e97620776.jpg,冷-依旧简单摄影
https://bbs.qn.img-space.com/201812/9/facfbdf90b9c9930f5493fe947bdb49c.jpg,冷-依旧简单摄影
https://bbs.qn.img-space.com/201812/9/3e3cd110d980bf3b36d10dce57ab1966.jpg,夜，太，美
https://bbs.qn.img-space.com/201812/8/f193d21692897dae7518b6c45d9e4ee3.jpg,#索尼微单12月影赛# 桃子
https://bbs.qn.img-space.com/201812/8/468721d07e9b70848fbb2f2da94983ee.jpg,#索尼微单12月影赛# 轻私房
https://bbs.qn.img-space.com/201812/8/e4d759ae57a35d46866e46264b82c74a.jpg,广州的冬季，再穿上泳装吧
https://bbs.qn.img-space.com/201812/7/3f6fa60200c76e7e3817b2c71baa0ec5.jpg,【右视觉摄影】红
https://bbs.qn.img-space.com/201812/7/b9aac2547bc0f22e99164df772e94fca.jpg,【有映画】告白两三事
https://bbs.qn.img-space.com/201812/7/b06d520af52356d12fc6e206468b6257.jpg,『等妳下课』
https://bbs.qn.img-space.com/201812/7/fff45b307c12c4cd001059a573264067.jpg,复古港风小性感
https://bbs.qn.img-space.com/201812/6/11fb1553681c75ed3a9e7afd13a2cadc.jpg,《幻影之祭》
https://bbs.qn.img-space.com/201812/6/c8b72c34a8d9733e1372917266fdba3c.jpg,青衣情结之钰婷
https://bbs.qn.img-space.com/201812/6/3e977b673b1a74afecb8682877c25ff3.jpg,少年侠骨看浩荡
https://bbs.qn.img-space.com/201812/5/05b4c4eabbb53239e8759e3f2ec89a4a.jpg,《羽仙歌》不可说摄影作品
https://bbs.qn.img-space.com/201812/5/d9e7d2a1ed5e4756f02afbfa36948cbb.jpg,介于色之间
https://bbs.qn.img-space.com/201812/5/8c53cce15ab4a9b7bcd227ce4f9b3f60.jpg,..白雪姬..
https://bbs.qn.img-space.com/201812/5/c4467fc5908fc439c032b3bbbd95c8fc.jpg,《暮·华》
https://bbs.qn.img-space.com/201812/5/74c0b62e7d9977c8395fd51f0d3cd029.jpg,『迷失中环』
https://bbs.qn.img-space.com/201812/5/158141270ab1a7007a463331282cf6dc.jpg,兰有秀兮菊有芳
https://bbs.qn.img-space.com/201812/2/02836f740231de21838afa2ec7f34b4a.jpg,秋天的小麦
https://bbs.qn.img-space.com/201812/2/614e61a935613ea05ef997b9cc518a62.jpg,璐璐 黑 白
https://bbs.qn.img-space.com/201812/2/57201f78d07c602a36d4e7cb12f56a86.jpg,【北京风云】妩媚的圣诞美女，一组暗光室内人像。。。
https://bbs.qn.img-space.com/201812/1/ddeeea1652310ec4a47f6ff8b22dd48b.jpg,仿佛不小心闯入了另一个年代
https://bbs.qn.img-space.com/201812/1/e74e982dd2b5525491c95f5c964bc19d.jpg,虎丘游，纪戊戌年
https://bbs.qn.img-space.com/201811/30/43303f006ecb1499592581112006c0bb.jpg,COS拉姆蕾姆★小红帽
https://bbs.qn.img-space.com/201811/29/2e497f956fbc7ba1d95df8317993757e.jpg,——暮雨未歇——
https://bbs.qn.img-space.com/201811/29/ffdfbaecf4055739c5ddfdf832d8c672.jpg,..一人游戏..
https://bbs.qn.img-space.com/201811/29/6a53ff2d361553d6552bfd3dfeb173e4.jpg,『丹妮的下午』
https://bbs.qn.img-space.com/201811/29/1bd3f3479e3f1020cef039a9596f2d9e.jpg,【有映画】十一月
https://bbs.qn.img-space.com/201811/29/8f8cc40e05946548d097b20bc83d428c.jpg,最美的不是下雨天
https://bbs.qn.img-space.com/201811/29/103bb030134b270a20774cc14b697ec5.jpg,又是一年银杏季
https://bbs.qn.img-space.com/201811/28/5451b9a7c12c1d57c2b23a64bc8717b7.jpg,有点怀念夏天
https://bbs.qn.img-space.com/201811/28/9d7228533acb4f812095da8ebc741fef.jpg,芳菲芳菲芳菲
https://bbs.qn.img-space.com/201811/28/38671bb0fe05ed7f581499c3991caca3.jpg,咖啡馆偶遇
https://bbs.qn.img-space.com/201811/28/4e10cfd87f3708bfee66a2ce9957c0cc.jpg,故宫拍人像
https://bbs.qn.img-space.com/201811/28/7c66da1a726d3e6e0587ec65587c6121.jpg,时尚中国风之钰婷
https://bbs.qn.img-space.com/201811/28/05d0965f7517a7e08f3471ff946683d9.jpg,都市混搭风
https://bbs.qn.img-space.com/201811/27/2fa4b86d1f1aa413bfe79249f13ce023.jpg,一组和服私房
https://bbs.qn.img-space.com/201811/27/99930ae83e1a07652362c2efa4dc356e.jpg,踏上满是落叶的铁轨，摇摇晃晃地，就像那摆动的心情
https://bbs.qn.img-space.com/201811/26/a4c18f4658a04f77dbbeb190fd526e38.jpg,【阴天快乐】
https://bbs.qn.img-space.com/201811/26/010afd9c76bc5280e0dc922d30f538f8.jpg,民国装民国风
https://bbs.qn.img-space.com/201811/26/19284efcb3c1429b41b89f38a09869a8.jpg,【右视觉摄影】突然好想你
https://bbs.qn.img-space.com/201811/26/f475cf8d2ff618078d27c0871973cb35.jpg,银杏树下的小姐姐
https://bbs.qn.img-space.com/201812/5/d759825a4784a60386871d41f89d9ae4.jpg,恶女花魁 （环境人像日常作业）
https://bbs.qn.img-space.com/201812/5/0f4a9da2de0198bcd2ab260b4ffec430.jpg,［That Girl ］
https://bbs.qn.img-space.com/201812/5/ddcdf4a491a4e2a590ec5246533fcb91.jpg,《和·枫》
https://bbs.qn.img-space.com/201812/4/9d95e0b4f510c22121f49d93342245bb.jpg,2018.12.4东郊记忆
https://bbs.qn.img-space.com/201812/4/21ebff79dea7c1bbbed8510e2a90df75.jpg,圣诞女郎第一季
https://bbs.qn.img-space.com/201812/4/89333b7b08ce14426e0b363594cb0873.jpg,浪漫白色少女
https://bbs.qn.img-space.com/201812/4/ec359be3deadc97de57c2d55dcbf25f6.jpg,暖阳-依旧简单摄影
https://bbs.qn.img-space.com/201812/4/073e9745c0d5799c42dca88648f20bf8.jpg,"暖暖的阳光, 金黄的杏叶"
https://bbs.qn.img-space.com/201812/4/bf037f54869ad9d46d5c9047844485f3.jpg,风云初乍起
https://bbs.qn.img-space.com/201812/4/bc9b29594190686c4d4828edaf7a423a.jpg,阳光照耀在你脸颊的时候
https://bbs.qn.img-space.com/201812/4/44ca6e40c96cf50d861c18bffda8d8f2.jpg,嫣红  白夜行作品
https://bbs.qn.img-space.com/201812/4/fc1e337320d769c1b5b1d67c167bec6c.jpg,圣诞兔女郎
https://bbs.qn.img-space.com/201812/3/b97f82b505e20c76a4a2c7240ff0bed8.jpg,森系人像摄影
https://bbs.qn.img-space.com/201812/3/2c35c6c2ae7568f6c5b949e90a4aef26.jpg,约秋天小姐姐
https://bbs.qn.img-space.com/201812/3/a57a7de3c969c3b2e4f97646e18095f8.jpg,待我长发及腰时
https://bbs.qn.img-space.com/201812/3/c90c431a78055e69d951e236d02ff329.jpg,一组情绪片
https://bbs.qn.img-space.com/201812/2/93844c14aa7d8815543cef29771efdc6.jpg,深業上城光影街拍
https://bbs.qn.img-space.com/201811/25/417b13b6ec063a98c613d28a700a4609.jpg,【菜々手摄影】美女私房
https://bbs.qn.img-space.com/201811/25/c6a98d4668afd07564ac6dc35249176b.jpg,#索尼微单11月影赛# jk校服
https://bbs.qn.img-space.com/201811/25/cdb1afde90356910e17d650afadf061a.jpg,#索尼微单11月影赛# 带上索尼微单在日本东京拍色双子和服
https://bbs.qn.img-space.com/201811/25/ebd5b6ea236a03c9dbd9208462810842.jpg,#索尼微单11月影赛# 轰趴馆里的外国美女
https://bbs.qn.img-space.com/201811/24/c9b1c4c79a7daf901cd60bb42bc97b4c.jpg,秋天的童话
https://bbs.qn.img-space.com/201811/23/45613c9858e912875160f348aa5e124a.jpg,冬款手套拍摄
https://bbs.qn.img-space.com/201811/23/b1b135141bdebb60c8224cc39bb624b8.jpg,# SEA LAND
https://bbs.qn.img-space.com/201811/23/bd238133ce4435202e671b169f14ffe5.jpg,【右视觉摄影】 豆蔻·印象 唯美少女复古人像
https://bbs.qn.img-space.com/201811/22/fe02b0f104a827e5fa9250baf26e0980.jpg,发一组棚拍
https://bbs.qn.img-space.com/201811/22/4be80c2d2477529063646086f9bf0ffb.jpg,...绮想...
https://bbs.qn.img-space.com/201811/22/217473aa1317f8b4489ddaf4f09b3cb5.jpg,...绮想...
https://bbs.qn.img-space.com/201811/22/20b6986bd9ca761d92a7750d41353635.jpg,--你的样子--
https://bbs.qn.img-space.com/201811/22/452f227e600ce14847d592d5552a2078.jpg,【求点评】夏日海滨——阿那亚礼堂
https://bbs.qn.img-space.com/201811/22/fdd1f88f0ae3c108e751eea944da407a.jpg,#索尼微单11月影赛# 灯光展
https://bbs.qn.img-space.com/201811/22/2c0ccaf5c952454cfcf319e0cef7b3ff.jpg,未知的真实
https://bbs.qn.img-space.com/201811/21/69e0b4c83f064ac5b0b0a8f1e1c28655.jpg,【飞天舞韵】
https://bbs.qn.img-space.com/201812/28/9e65715b5ff277965fc53328cb3543ec.jpg,乌克兰美女
https://bbs.qn.img-space.com/201812/28/cf66f7535e868a8fa2abc7707019aeee.jpg,【An eternally fervent heart】Dorothy·Z 2018
https://bbs.qn.img-space.com/201812/28/57a6a555897e529d575b77707b5d923e.jpg,风雪 驼影~
https://bbs.qn.img-space.com/201812/27/3e8c1fd5eb33ea9ea7944deaf7580535.jpg,《错失珍惜》
https://bbs.qn.img-space.com/201812/27/977f7b90bab67d1990d4d39b1bbaa3b4.jpg,冬日-室内人像
https://bbs.qn.img-space.com/201812/27/d30650c5a9e947490dfd1cb5aa71d17e.jpg,【右视觉摄影】马昕墨 像我这样的人
https://bbs.qn.img-space.com/201812/27/d992a778ef39030e2c5415f668d3208b.jpg,《时·常》
https://bbs.qn.img-space.com/201812/27/f065b41cc9c28b8fb3f5df1851ad55d3.jpg,愛の向こう
https://bbs.qn.img-space.com/201812/27/5febdba59497b4df2495a24b3fa8884a.jpg,「Ave Maria」
https://bbs.qn.img-space.com/201812/27/a38850fc2f81cec2a81a7909df1fd571.jpg,岁月如歌 奶奶
https://bbs.qn.img-space.com/201812/27/0644490a304eb47ad551fc841fefab00.jpg,#索尼微单12月影赛#  光之秘境
https://bbs.qn.img-space.com/201812/27/a50eb293dfa4eaba3e58b2f6683c62b1.jpg,在红配绿最有理的一天
https://bbs.qn.img-space.com/201812/27/c401de1962466098b6bfa2c48eb12b79.jpg,#索尼微单12月影赛# 彼岸花开
https://bbs.qn.img-space.com/201812/26/d2692a48f45352262491e96a6d539d50.jpg,あの年の海と君
https://bbs.qn.img-space.com/201812/26/8e981142b9efdd86f674a6ac3456a7be.jpg,【右视觉摄影】午后 阳光 慵懒的氧气女孩
https://bbs.qn.img-space.com/201812/26/e15c5aafda3b41b9963298cd7b6977e8.jpg,和服少女写真。
https://bbs.qn.img-space.com/201812/26/e46f1afa85ac716e3424ea84becd46d8.jpg,异国风情-俄罗斯小姐姐
https://bbs.qn.img-space.com/201812/26/968f5e9138b98d7f7e66456dd7608823.jpg,#索尼微单12月影赛# 临江仙
https://bbs.qn.img-space.com/201812/26/631dfb1efff9966704215d7e4bfe8ac7.jpg,古装人像—芈醉
https://bbs.qn.img-space.com/201812/26/de067914d1b8c646310d22b433f88f10.jpg,留守在雪乡
https://bbs.qn.img-space.com/201812/25/9b84a8b556939714cba96fdc4b0bbb98.jpg,《魅》-2018
https://bbs.qn.img-space.com/201812/25/9255191d9e87f1a036e36fcd362e185b.jpg,#索尼微单12月影赛# 【有映画】White Christmas
https://bbs.qn.img-space.com/201901/7/ad9423374e734ca156a3fda4b9416c85.jpg,【登校日】
https://bbs.qn.img-space.com/201901/7/252bb73ac26333c86f7b7c9a79d5ea10.jpg,孤独的女人
https://bbs.qn.img-space.com/201901/7/86d92ec96a90a4ed5917ba269c768444.jpg,武装JK-少女突击
https://bbs.qn.img-space.com/201901/6/43de3a502756e4dc990a3391bf65ebaf.jpg,杏枫映火——汉服
https://bbs.qn.img-space.com/201901/6/c982b14d48670cb6c2aef87a5b1ff873.jpg,新人入门作品希望各位大师进来给我指点一下
https://bbs.qn.img-space.com/201901/5/7dc890b5bdb4f2f573a779c660eb5243.jpg,初冬人像一组
https://bbs.qn.img-space.com/201901/5/8308c56461fb6036aecd44fc1edff602.jpg,人像1901-5
https://bbs.qn.img-space.com/201901/5/9c50870d73ca1d619de94e6aa32fed34.jpg,回顾我的2018
https://bbs.qn.img-space.com/201901/5/46ca8173a3ed08eb1c86a54542964673.jpg,人像1901-4
https://bbs.qn.img-space.com/201901/5/7db8733c9b561056293fd9892c87edb4.jpg,#索尼微单1月影赛# 《 A colorful night》
https://bbs.qn.img-space.com/201901/4/e2167b930f30aaefe33a423c0b70acb8.jpg,小 性 感 072
https://bbs.qn.img-space.com/201901/4/9162a4b615fda80c32be7e41b33b3996.jpg,《绯·红》
https://bbs.qn.img-space.com/201901/4/cc36492625cb79fa229291e9bc79dc41.jpg,一个人面对这世界的残酷
https://bbs.qn.img-space.com/201901/4/cde96993ee858f9df42bea3d34a88620.jpg,人像1901-1
https://bbs.qn.img-space.com/201901/3/3452b4ea08d8a476d20007dd91f6a3b7.jpg,小 性 感 071
https://bbs.qn.img-space.com/201901/3/7004e577785119e99db950bdf5b4fb9c.jpg,中世纪美女
https://bbs.qn.img-space.com/201901/3/4fd7dfec04e99bbaf01ce626aa7541cc.jpg,小 性 感 070
https://bbs.qn.img-space.com/201901/3/70156e23664289b79221e052e592af16.jpg,~~~《和风少女》~~~MODEL：南言~~~
https://bbs.qn.img-space.com/201901/2/788786308d10d0ddeeabd1ee0e371788.jpg,2019广州萤火虫漫展day2 cos
https://bbs.qn.img-space.com/201901/2/0b31f66f2bfb8f0a1d6be6e5b3392d4d.jpg,一组室内轻婚纱
https://bbs.qn.img-space.com/201901/2/2c6102a0485affb2096e51559db750cd.jpg,海边人物风情
https://bbs.qn.img-space.com/201901/2/60466d751ecef7e06cb8f9e125051485.jpg,假装在沉睡
https://bbs.qn.img-space.com/201901/1/41526de204c0c331f3730c312d2c79d0.jpg,卖火柴的小女孩
https://bbs.qn.img-space.com/201901/1/d2fb630587ae6c4039b992e497698da6.jpg,时光-室内人像
https://bbs.qn.img-space.com/201812/25/3458c6fabae007745a29425825419fac.jpg,#索尼微单12月影赛# 汉服人像一组
https://bbs.qn.img-space.com/201812/25/b5a8834833c1183ed6492fb25959092c.jpg,~圣诞快乐~
https://bbs.qn.img-space.com/201812/25/264fbc6a5ad5de4152871c7408e26f4c.jpg,誰かが何かを愛すること
https://bbs.qn.img-space.com/201812/25/281a46dce8a94cc0515104bf6abfc1ac.jpg,#索尼微单12月影赛# 在这个冬季
https://bbs.qn.img-space.com/201812/25/f37c7579333ec21eda47febc8cbd036c.jpg,圣诞恋歌-貂蝉 王者荣耀Cosplay
https://bbs.qn.img-space.com/201812/25/dd6bb3878ed7ffbbca69b77c188a9445.jpg,百花谷人像—美女欢欢
https://bbs.qn.img-space.com/201812/24/82b16feaa29a4c788d59bf3ccec8d726.jpg,那天下雨了
https://bbs.qn.img-space.com/201812/24/44f4e8f2e3759fb28c4b6581705893a9.jpg,#索尼微单12月影赛# 2018圣诞节写真 #拍妻党# 10P
https://bbs.qn.img-space.com/201812/24/e5ff9ebc9911017ad8d9726f9fbcac1d.jpg,圣诞快乐 白夜行作品
https://bbs.qn.img-space.com/201812/24/851f8fe66bcb572c83ad66621639f1a0.jpg,红色的系列
https://bbs.qn.img-space.com/201812/24/c997d172f7b4d105274b3034195a2f0a.jpg,漂亮的卓玛姑娘
https://bbs.qn.img-space.com/201812/24/061244178df14599a0de430fe3171ecb.jpg,#索尼微单12月影赛# 圣诞少女
https://bbs.qn.img-space.com/201812/24/49e5cb6daeacb1a68a9ab7a99732ce54.jpg,圣诞节的那天
https://bbs.qn.img-space.com/201812/24/596182d0c8558acf2f7d7fc485a780bf.jpg,～～～《圣诞》～～～第二季九连拍加几张暗光～～～
https://bbs.qn.img-space.com/201812/24/09b1d2a0091842f00bd20e5491250fe4.jpg,～～～《圣诞》～～～第二季九连拍加几张暗光～～～
https://bbs.qn.img-space.com/201812/24/d35dfef590670db19101f8d8405f7a0d.jpg,～～～《圣诞》～～～第二季九连拍加几张暗光～～～
https://bbs.qn.img-space.com/201812/23/1ee6e6708d9493c1c1e680d03b33abc5.jpg,你是千堆雪，我是长街
https://bbs.qn.img-space.com/201812/23/3bc1acb1d7a271299d18cfc35ef45cee.jpg,『旧城日记·上』
https://bbs.qn.img-space.com/201901/1/736dc3d39e1f87c270f8040524be0a6e.jpg,ーー味来へーー
https://bbs.qn.img-space.com/201901/1/bfa61b018207edef5ab0c7a693fab185.jpg,复古情绪私房，新年第一帖——祝各位摄友新年快乐！
https://bbs.qn.img-space.com/201901/1/9ebe4335652fb5e8114ecebd94875b5a.jpg,给“刘涛”的一组随意街拍
https://bbs.qn.img-space.com/201901/1/3fefe7e6a9e07aae46855c9c0050f0a3.jpg,2018摄影总结——踏出去的那一步
https://bbs.qn.img-space.com/201901/1/41f23897fc89577c5f42fe548b057791.jpg,2018摄影总结——踏出去的那一步
https://bbs.qn.img-space.com/201901/1/ae55b169054a429cb64e41fa7439eabe.jpg,《酷裂苍穹》
https://bbs.qn.img-space.com/201812/31/f2f8afc6e7a22cd40d3165559e59dc82.jpg,尼康黄----我的2018零碎记忆
https://bbs.qn.img-space.com/201812/31/1111a3774940acd8efe709253c044c13.jpg,blingbling
https://bbs.qn.img-space.com/201812/31/23828abc4bcfaa00ec86a304e4c76ea3.jpg,2018年的最后一个周六在咖啡店的黄昏下，恍惚而过
https://bbs.qn.img-space.com/201812/30/85f2b1739003c8ae2b3e88d36bc88392.jpg,大龙湖倩影
https://bbs.qn.img-space.com/201812/30/73d57102eb0b792c2f989a336739c2cd.jpg,大龙湖倩影
https://bbs.qn.img-space.com/201812/30/a5ee40f61652fcd92df2d930a4f1b5b1.jpg,#蜂鸟·我的2018影像回顾# 走过2018，迎接2019，右视觉2018寄语及作品集。
https://bbs.qn.img-space.com/201812/30/ea39aa2c3e37914da8d646f19607ef45.jpg,小 性 感 067
https://bbs.qn.img-space.com/201812/28/87ea61aafcbc152c2557c21be22cd077.jpg,拍妻党-幽林2（重修版）
https://bbs.qn.img-space.com/201812/28/3d91565f1526b7f86a2f5b4be593b9e5.jpg,【右视觉摄影】最美的期待
https://bbs.qn.img-space.com/201812/28/f981d7e6c6afee343306eef419242095.jpg,一组人与风光剪影
https://bbs.qn.img-space.com/201812/23/bce86fce92cb7cff14c3ced3ea955e56.jpg,#索尼微单12月影赛# ~~~《圣诞快乐》~~~MODEL:粉红顽皮豹~~~
https://bbs.qn.img-space.com/201812/23/52502fd27dce8f7f5c828fd63e44a7ef.jpg,【Jingle Bells】
https://bbs.qn.img-space.com/201812/22/d720343f6e069404306ced2f3011e132.jpg,#索尼微单12月影赛# 私房
https://bbs.qn.img-space.com/201812/21/a404e8475b4b0c575f14954fa74b8a8b.jpg,小性感一组
https://bbs.qn.img-space.com/201812/21/810b8fe85ff8fb02924c4914b24170f3.jpg,照骗大师养成记，超市里的女神拍摄计划
https://bbs.qn.img-space.com/201812/21/afcf056315fb2a4fb4ab0746fd149e6b.jpg,曾幻想过永恒
https://bbs.qn.img-space.com/201812/21/929d7b222888241cffdb6d654f8489b8.jpg,圣诞节的礼物
https://bbs.qn.img-space.com/201812/20/284de90e06bee613340083851c6c9fd3.jpg,初冬汉服人像
https://bbs.qn.img-space.com/201812/20/ae99a1bb739a343f289dc9963955fa03.jpg,《亦真如幻》
https://bbs.qn.img-space.com/201812/20/fbf569eb295e75ccf817a182b510f17d.jpg,小小圣诞夜
https://bbs.qn.img-space.com/201812/20/735e843754ce3f1a07a12d258dc090e3.jpg,花が咲いている
https://bbs.qn.img-space.com/201812/20/4edc2c12fbbdf51e8936fb8953b6174c.jpg,来点生活感
https://bbs.qn.img-space.com/201812/20/ff3f3c2e3246fc92bd34800e92df9ed2.jpg,小 性 感 060
https://bbs.qn.img-space.com/201812/20/e5ecffa18b1802ddd632b6ea88101f55.jpg,《奢靡都市》
https://bbs.qn.img-space.com/201812/19/6664f9043f35ea377ffa1d980c24c002.jpg,【右视觉摄影】白月光
https://bbs.qn.img-space.com/201812/19/89a9125b9dac717ab64b0d19aa031f6b.jpg,花样年华[假面摄影]
https://bbs.qn.img-space.com/201812/19/62c0baa6b58f49f71171b32e5dc30e7d.jpg,小清新风格
https://bbs.qn.img-space.com/201812/19/324c8cf53a4901f12d8170e1f3da80c0.jpg,#索尼微单12月影赛# 宅女小D的一天
https://bbs.qn.img-space.com/201812/19/8f875cdd9751610731e201f74cde9195.jpg,龙老五【视觉】荷花仙子
https://bbs.qn.img-space.com/201812/19/135ea77cc0050191ff62b1945209e9e5.jpg,【民国女人】
https://bbs.qn.img-space.com/201812/19/08e565b29e6c15c70c3c42947f55d40f.jpg,小 清 新 011
https://bbs.qn.img-space.com/201812/19/8705f53e43fe45afa2002f6ee08cb01d.jpg,小 清 新 010
https://bbs.qn.img-space.com/201812/18/aa71e759b61d575b6dca03ee6aa75ce0.jpg,青海旅行的小姐姐
https://bbs.qn.img-space.com/201812/18/e71e2e800a7bb7df19638a4131c41c9a.jpg,一杯咖啡，一份忘不了的情，冬日私房
https://bbs.qn.img-space.com/201812/18/973de9461cb7dd8fe8e0f03ffa7c21f5.jpg,不期而遇的发现
https://bbs.qn.img-space.com/201812/18/79d6e72859bed934d7321b7914fa61ef.jpg,辛德瑞拉 2
https://bbs.qn.img-space.com/201812/17/1e64ba3f2dd5d40d44ef5f73a450c94a.jpg,【右视觉摄影】女生日记
https://bbs.qn.img-space.com/201812/17/663cff50fb4adae1ed946a7aadeb793b.jpg,YUKI的圣诞节
https://bbs.qn.img-space.com/201812/17/31d00c4ab420f842cd522543b4115ec1.jpg,冬天里的温暖
https://bbs.qn.img-space.com/201812/17/40cc0fe0c82b65afa407f52a863c999b.jpg,辛德瑞拉 第一部份
https://bbs.qn.img-space.com/201812/17/a1166a193ee57d63839e5389da03bdc9.jpg,回顾夏日，入门日系
https://bbs.qn.img-space.com/201812/16/cfa1eaa8192919c869ad5710831beb28.jpg,#索尼微单12月影赛# 2018.12.15在IKEA里拍的一组圣诞人像PP——Merry Christmas！
https://bbs.qn.img-space.com/201812/16/e41d2071b5185476d6cd8885fbf4671d.jpg,小 性 感 055
https://bbs.qn.img-space.com/201812/16/cc9b7432b3362a0aa510a854ec3be026.jpg,小 性 感 054
https://bbs.qn.img-space.com/201812/16/42a03f68c0cef4e3d08433305feaf34e.jpg,瘾君子 | David Tesinsky
https://bbs.qn.img-space.com/201812/16/46bd1376aa9ec058bcb89aa2574fc7ab.jpg,白茶清欢无别事 我在等风也等你
https://bbs.qn.img-space.com/201812/16/235e18cb828c6b9aa1c5ed8ca69a80b5.jpg,#索尼微单12月影赛# 【柠檬少女】带着索尼A7RM3给软妹子拍小清新私房
https://bbs.qn.img-space.com/201812/16/5dbe90b9e42e3cf04f0f8ffdbf996ab3.jpg,#索尼微单12月影赛# 灰姑娘-依旧简单摄影
https://bbs.qn.img-space.com/201812/15/097e99ba22e770bb9a4f7c07bfd7e0ab.jpg,#索尼微单12月影赛# ——舞蹈女孩——
https://bbs.qn.img-space.com/201812/15/134f231311be67b98878237f2e4beb83.jpg,小鹿的圣诞节
https://bbs.qn.img-space.com/201901/13/43dad7b81f8dcfcd99e3a476e10bcf6f.jpg,小 清 新 014
https://bbs.qn.img-space.com/201901/13/9ce3d26925ee5b5042c0484826402465.jpg,小 性 感 074
https://bbs.qn.img-space.com/201901/13/43c1ed8b2d22ff3ef6e82a099e957cde.jpg,#索尼微单1月影赛# 时尚民族风
https://bbs.qn.img-space.com/201901/13/698b1082c80e6f7398bd8a96b9336b11.jpg,影棚里拍人像
https://bbs.qn.img-space.com/201901/12/0d9077ad6f4f5eae75fea0968b7db04b.jpg,#索尼微单1月影赛# 天台性感吊带写真
https://bbs.qn.img-space.com/201901/12/bb332c69f3d501f91f4d86a45df6dbf4.jpg,【加菲视觉】 —— qian
https://bbs.qn.img-space.com/201901/12/17678550b920eec9efcecd22554d470c.jpg,【空灵の诱惑】
https://bbs.qn.img-space.com/201901/12/50f73c6310cd86bf0a179e25ce479e1f.jpg,《依旧如故》
https://bbs.qn.img-space.com/201901/11/0fb2377da2993ac7543096f4081a2974.jpg,又找出来几张，再发一贴
https://bbs.qn.img-space.com/201901/11/113b5a5d375f6959784bf85b7df992d2.jpg,《淑·梦》
https://bbs.qn.img-space.com/201901/10/4cfbde5f8bd22f0f284b293f890f1945.jpg,人像1901-22
https://bbs.qn.img-space.com/201901/10/d6c37a19824db1c5930909098f08d5b0.jpg,人像1901-16
https://bbs.qn.img-space.com/201901/10/00f95cbc33af008077693fe295811204.jpg,纱之魅 -- 光影视界 人像摄影
https://bbs.qn.img-space.com/201901/10/72f8273da12de5cbc27dfb4003b3c6c3.jpg,#索尼微单1月影赛# kate
https://bbs.qn.img-space.com/201901/10/d8910541890021a24f0091642c92c136.jpg,#索尼微单1月影赛# 【有映画】燃点
https://bbs.qn.img-space.com/201901/10/67848d9443f4f021a9b25b86be20a446.jpg,#索尼微单1月影赛# 【有映画】 心跳波波球
https://bbs.qn.img-space.com/201901/10/8103a90e13e59c9020911b080c75cced.jpg,《寒暮雪》
https://bbs.qn.img-space.com/201901/10/b1e515d346bfaf3243f37d51fa7f3e34.jpg,发图找存在感
https://bbs.qn.img-space.com/201901/10/3047672d8b6f73ae70ede6988f0a2965.jpg,小 性 感 073
https://bbs.qn.img-space.com/201901/10/9b8f5f82d2c31b5b10d258593e2920a7.jpg,一组外拍，
https://bbs.qn.img-space.com/201901/9/2a59b7463bd730c96d0f4ecc0f722b3b.jpg,人像1901-15
https://bbs.qn.img-space.com/201901/9/9da4140636f43d6fbeed71fe7c676e7e.jpg,#索尼微单1月影赛# 【迷冬】
https://bbs.qn.img-space.com/201901/9/e7089f456ad48c1b7f1d515b77e20501.jpg,天台上的小仙女——夜景烟花棒人像
https://bbs.qn.img-space.com/201901/9/2e84879ee6165dfa4b6265a18786c595.jpg,【右视觉摄影】 Simple 叶青
https://bbs.qn.img-space.com/201901/9/4a598484d963dce8e395fa2296e6d9ea.jpg,姐妹花，时光印记
https://bbs.qn.img-space.com/201901/9/97a022a54f1898f0b51d1a38fce09961.jpg,#索尼微单1月影赛# 柔软的时光
https://bbs.qn.img-space.com/201901/8/7f2f8994fa196153825e4d9deab7a087.jpg,#索尼微单1月影赛# ...沉溺...
https://bbs.qn.img-space.com/201901/8/3575e1d406db49c173034d3c7f30e1d8.jpg,《镜》沐风野作品
https://bbs.qn.img-space.com/201901/8/55494a4237f1a2c952281b741d185f02.jpg,【瓜瓜の缘】
https://bbs.qn.img-space.com/201901/8/cadf0fa501d8672440879322a6dd493d.jpg,千山暮雪 白夜行作品
https://bbs.qn.img-space.com/201901/8/2d3eb77738177c59954d917900d3662b.jpg,粉彩风~美美的记忆
https://bbs.qn.img-space.com/201901/8/e93d17cef9c8ab9efcb53517b614db04.jpg,小 清 新 013
https://bbs.qn.img-space.com/201901/8/b860f1dd49c07a71e68c01ab2595c109.jpg,【苏州约拍】云山深处有伊人
https://bbs.qn.img-space.com/201901/8/12ab7aa2b2ea53ff3355bcff9bab6fb3.jpg,卖火柴的女孩
https://bbs.qn.img-space.com/201901/8/c008622237bfcbb16f57e58518baef7c.jpg,跟着“酷玩”野一把，吃土之旅
https://bbs.qn.img-space.com/201901/8/c24e3d676252b4dbd81d90f4a925c941.jpg,私房小姐姐
https://bbs.qn.img-space.com/201901/7/12573917cb656b6e7748e677d9aa648e.jpg,昕舍的午后
https://bbs.qn.img-space.com/201901/7/a3021e5a49e74fd37371a0e63404e4e8.jpg,拍摄收工，黑背景配黑衣服是不是很酷！/
https://bbs.qn.img-space.com/201901/7/1b3475a8af700bc51b030d1155424ca1.jpg,【苏州约拍】夏天的一组片子
https://bbs.qn.img-space.com/201901/7/89648fd440ed48648e7a098115c3cb92.jpg,【苏州约拍】夏天的一组片子
https://bbs.qn.img-space.com/201901/27/4a6dd4da22bf603fbcb4cedf71c36b79.jpg,周末，小清新の小性感。
https://bbs.qn.img-space.com/201901/27/49faee350dbf3529b913ed60ba346261.jpg,姑娘怪可爱
https://bbs.qn.img-space.com/201901/25/b49dffcbf7ccdef48c95becd06b1db6a.jpg,#索尼微单1月影赛# 逆光小清新
https://bbs.qn.img-space.com/201901/25/9866960e912fc60cc774d0da762d78ce.jpg,午后暖暖少女
https://bbs.qn.img-space.com/201901/25/76aa7859449078872d1b8ea46c3c29aa.jpg,这些不算尺度太大吧，看看会不会删贴
https://bbs.qn.img-space.com/201901/25/7092852b19a888094988969d3e2b4d64.jpg,《逝水流年》
https://bbs.qn.img-space.com/201901/24/63a7f7d41581f578d6a62cc5c2df57b4.jpg,#索尼微单1月影赛# 与快女歌手潘辰相约法国三峡谷雪场（内含视频） 幻影骑士作品
https://bbs.qn.img-space.com/201901/24/209fc98ea9f72332f8e9b8b18afa7593.jpg,#索尼微单1月影赛# 追忆重庆森林
https://bbs.qn.img-space.com/201901/24/740dddd04135d89143bb27bb40ca542f.jpg,午后の时光，小清新。
https://bbs.qn.img-space.com/201901/24/eee4025afa0aba81ed10c3a8b88f5910.jpg,向黑白经典致敬
https://bbs.qn.img-space.com/201901/24/cb7939c6098dbfae7b5bd1e630544ed2.jpg,向黑白经典致敬
https://bbs.qn.img-space.com/201901/24/aeb84b6f42bc917eacd7d852920e913b.jpg,暖暖的光影-郭婷婷
https://bbs.qn.img-space.com/201901/24/7b4289ab08de2d8995fb19d42301deb2.jpg,来了个天使
https://bbs.qn.img-space.com/201901/24/11c626d9726910ceafedda27025b5914.jpg,一个人的舞台
https://bbs.qn.img-space.com/201901/23/6bcc48b3b0c4820f083c6a5f86659fd6.jpg,【灰色蝴蝶结】
https://bbs.qn.img-space.com/201901/23/4e0eb91ba2278ec9300c8c27f82acb2e.jpg,绝地求生·刺激战场
https://bbs.qn.img-space.com/201901/23/9639707cebd583efb920f65d5f8c268f.jpg,【韵味•新禧红】
https://bbs.qn.img-space.com/201901/23/289e16c3881e0402052060711c625061.jpg,#索尼微单1月影赛# 2019第一拍《西餐馆》
https://bbs.qn.img-space.com/201901/23/83f74f5f9ebb8236a8b7ea905e0ea75a.jpg,黄蓝紫，晕染你的形体美。
https://bbs.qn.img-space.com/201901/23/243f1648f9b5cae9f2e011765e96c2d3.jpg,#索尼微单1月影赛# 人像 | 你是我的虚荣
https://bbs.qn.img-space.com/201901/22/7414454eb3842411cb85b5a73765f008.jpg,（自我 酷）ins风
https://bbs.qn.img-space.com/201901/22/2745da19575e642863ef3655adcd210f.jpg,《那里花开》
https://bbs.qn.img-space.com/201901/22/b6b43552feae365ca96700c78a017fd7.jpg,【右视觉摄影】 孙敬媛 暖色诱惑
https://bbs.qn.img-space.com/201901/22/b7e058f4ae806db456743196dedf4791.jpg,#索尼微单1月影赛# 《油纸伞、易江南》带着A7RM3拍摄古镇民族风
https://bbs.qn.img-space.com/201901/22/3abb9909368304f00640b158da864029.jpg,#索尼微单1月影赛# 落雪红梅
https://bbs.qn.img-space.com/201901/22/f1e860cc134e81787252d955d9a6aac3.jpg,#索尼微单1月影赛# 你的纱，是一整个暖冬~A7RM3广州老街行摄记
https://bbs.qn.img-space.com/201901/22/dfeb02500bb12ffee522a33145654536.jpg,【北京风云】一组室内高感美女情绪片，粉色基调。。。
https://bbs.qn.img-space.com/201901/22/d099577901be6ed6aa40e6dd06f52cfc.jpg,人像光绘習作
https://bbs.qn.img-space.com/201901/22/3d5ef5fdaf3034cae7444a040def7a79.jpg,yellow，小性感
https://bbs.qn.img-space.com/201901/22/9f696ce355ff3a00cdb013f3ab896493.jpg,如奶油般的光，透着你的小性感。
https://bbs.qn.img-space.com/201901/22/368fc3c04a302b4f0ebbced9bea9265f.jpg,给我一杯酒，再给我一支烟
https://bbs.qn.img-space.com/201901/21/e3c133b24ccd75c314f083b25c718709.jpg,领家女孩的闺房
https://bbs.qn.img-space.com/201901/21/a7eced38b969fd0031de7efce9da053b.jpg,花瓣浴睡美人
https://bbs.qn.img-space.com/201901/21/371d0c16d2f0fbffe13fdce333bad851.jpg,【Soak up the sun ！】Dorothy·Z 2018
https://bbs.qn.img-space.com/201901/20/1b71c4853d215b33818c09409ba78b12.jpg,《遥·望》
https://bbs.qn.img-space.com/201901/20/b42b7fb6accc091ea326f9ff7bbbd40c.jpg,#索尼微单1月影赛# 小树林 白夜行作品
https://bbs.qn.img-space.com/201901/20/4606a77ceb3cf8445aad8c0d0f11c2ee.jpg,#索尼微单1月影赛# 森林性感写真
https://bbs.qn.img-space.com/201901/20/83debb059be79d2fafa4658812077481.jpg,十八岁的年级，女孩青春美好的肉体，还有什么是比这更美好的记忆？
https://bbs.qn.img-space.com/201901/20/ba624244af88047422c01ec7de4650e7.jpg,#索尼微单1月影赛# 旺角黑夜- 索尼A9拍摄浴衣少女
https://bbs.qn.img-space.com/201901/20/ad07fbb89e4f4b8a442319b8fd78a0e1.jpg,无题----------------------
https://bbs.qn.img-space.com/201901/20/ae874a0800efabdd83d195801474301d.jpg,ins风格夜拍
https://bbs.qn.img-space.com/201901/19/88b7b6a262e516f099f9d3eca91ca562.jpg,午后の时光
https://bbs.qn.img-space.com/201901/19/8656d86ee0c478f57d85677ed3749e5d.jpg,#索尼微单1月影赛# 冬日暖阳
https://bbs.qn.img-space.com/201901/19/0b8ca636ceab200a973234355642df68.jpg,《伊娃摄影》早安
https://bbs.qn.img-space.com/201901/18/778d04523435e571a636683ff1caf109.jpg,初雪。。。。。
https://bbs.qn.img-space.com/201901/18/8404ef7e34d1b18faafeebeb4acac7c3.jpg,好久没有发片了发组人像后期
https://bbs.qn.img-space.com/201901/18/410aa3caa8f1d4fb861d7a552403333a.jpg,【风语者】
https://bbs.qn.img-space.com/201901/18/42e681f1d782cd2e84a1cdfbe46e2e49.jpg,冬日里，那一抹斜阳，仍旧温暖。
https://bbs.qn.img-space.com/201901/18/00d45e49ed96b6b09a3c5fb77a2029e7.jpg,【加菲视觉】 —— 倩倩
https://bbs.qn.img-space.com/201901/18/e19b41089bb1e0b73d63691f96abf8c4.jpg,#索尼微单1月影赛# 问佛
https://bbs.qn.img-space.com/201901/18/a8acd1c6b0a7e37da05ba0e78482e418.jpg,仿陈逸飞油画——民国女人
https://bbs.qn.img-space.com/201901/18/641eb525a0440b3885da958e537de81a.jpg,网红图书馆走一走
https://bbs.qn.img-space.com/201901/18/0392bd120315f88c17ad3d1081937fef.gif,赛博朋克2077
https://bbs.qn.img-space.com/201901/17/214afdc7cc2cb1a356a47af29c8ce637.jpg,人像190117
https://bbs.qn.img-space.com/201901/17/309d597043503cb09e4f59125621f0a3.jpg,#索尼微单1月影赛# DON`T TALK
https://bbs.qn.img-space.com/201901/17/01a04cb8dee7e96ce23f0cccb7c92766.jpg,旧时光是个美人
https://bbs.qn.img-space.com/201901/17/a0a83bfc0c4c3d489f480528f6494ec8.jpg,午后（私房写真）
https://bbs.qn.img-space.com/201901/17/bfae1716e82f1c8b6197cc3bc731076d.jpg,没有标题哇~
https://bbs.qn.img-space.com/201901/16/be027edfaf97fa4984ed8ef3e17c67b8.jpg,你是我最喜欢的短发姑娘
https://bbs.qn.img-space.com/201901/16/fa2e7b63f008ad7d6c334184f53ba4ad.jpg,#索尼微单1月影赛# 【菜々手摄影】外滩街拍一组
https://bbs.qn.img-space.com/201901/16/6a69f286805593203f14ed94e57fa954.jpg,老弄堂------------------------------------------------14P
https://bbs.qn.img-space.com/201901/16/1c5f7bb6b363b5d3926f1241f976d49d.jpg,有机会我把我的故事都讲给你听
https://bbs.qn.img-space.com/201901/16/e3133549518f493f564ca8d183bdc3e2.jpg,古风人像【广寒宫阙】
https://bbs.qn.img-space.com/201901/16/7d05c87127f2226fc22887741446c223.jpg,冬日的阳光，暖暖的。
https://bbs.qn.img-space.com/201901/16/b60cdf5ecc96c2cae9a0b04715fbe127.jpg,#索尼微单1月影赛# 晚到的圣诞节
https://bbs.qn.img-space.com/201901/16/30eb461a16c910a37a29dff443681949.jpg,-江-湖-梦-
https://bbs.qn.img-space.com/201901/16/226eab205ad87fb951433da422e2169d.jpg,暗香缘自寒梅
https://bbs.qn.img-space.com/201901/15/e2c11783bb4cecdbc1d5d312a42b2c73.jpg,【右视觉摄影】诗间暖光 暖冬阳光女孩
https://bbs.qn.img-space.com/201901/15/448bf59cd18afcf07dc3b9e5d896ec5c.jpg,#索尼微单1月影赛# Твои глаза
https://bbs.qn.img-space.com/201901/15/6db9a0ae0960afc390bd521dd6b25a38.jpg,【加菲视觉】 —— 史雨
https://bbs.qn.img-space.com/201901/15/6a7b0e3b7df53f80fedd595d13cc00af.jpg,初雪の中でほほえんだ少女
https://bbs.qn.img-space.com/201901/15/87543c48566014f6936293a4e298e812.jpg,Long time ago
https://bbs.qn.img-space.com/201901/15/bb28ab54f49d1a0bcece3a01a12b9e1e.jpg,《舞动乾坤》
https://bbs.qn.img-space.com/201901/14/87392c978bd76cb51c49e0e87a33693d.jpg,#索尼微单1月影赛# ...意乱...
https://bbs.qn.img-space.com/201901/14/b22e32c9672a313f0e3b982d67b59619.jpg,《Red Fantasy》
https://bbs.qn.img-space.com/201901/14/a89ad2a78fa94a4bc51625d4100e53e8.jpg,《幸福梦中》
https://bbs.qn.img-space.com/201901/14/65a68e35bab9c6fc71d86d0de8b77491.jpg,【晓波出品】眼里眉间
https://bbs.qn.img-space.com/201901/14/198d760f7aec823889ddcefe17cf5188.jpg,迪拜·沙漠创作
https://bbs.qn.img-space.com/201901/13/53d98e09186c95a6ae2eeee5f775e64a.jpg,#索尼微单1月影赛# 2018年的初雪（12p）摄影：杨雨薇
https://bbs.qn.img-space.com/201901/13/8410e8cf762c21b9fc93f6d2ef9ff962.jpg,#索尼微单1月影赛# 森系，带点儿小情绪
