https://bbs.qn.img-space.com/201902/1/947448c9602b76a424da3430393540d7.jpg,【右视觉摄影】新年快乐！右视觉携手聂远 秦子越给大家送祝福了！
https://bbs.qn.img-space.com/201902/1/60b899ac679af8dedac35bab1f0d69d8.jpg,少女の日记
https://bbs.qn.img-space.com/201902/1/f0b13a6e3dd1e87ff0d48519a7be7bfd.jpg,EOS R人像试机
https://bbs.qn.img-space.com/201902/1/31339620c92b3d85588d9b17851796a4.jpg,暖暖的冬季
https://bbs.qn.img-space.com/201902/1/18de1469ad6619dc7a985a9f9dcc82c9.jpg,夜景街拍清纯的短发小姐姐
https://bbs.qn.img-space.com/201901/31/294571495f14669414e1a31686098d38.jpg,修点照片，看看效果
https://bbs.qn.img-space.com/201901/31/b772fff8737d4fc476663873bb33c136.jpg,ins风白色私房
https://bbs.qn.img-space.com/201901/31/97d8906d63e3bd4838e391f522837847.jpg,小性感和风拍摄
https://bbs.qn.img-space.com/201901/31/8de60ea1b9861f9854cfe6ba94b93b5b.jpg,那些说给树听的话
https://bbs.qn.img-space.com/201901/31/88ef1751375b9df53a4577bd35f8402c.jpg,#索尼微单1月影赛# 安又琪，日本街头随拍 ---- 幻影骑士作品
https://bbs.qn.img-space.com/201901/31/13ec6726af3dc0147d899736986d6388.jpg,春季新妆容
https://bbs.qn.img-space.com/201901/31/b4de6bffbadaf86af31092c4172b1247.jpg,永远的经典
https://bbs.qn.img-space.com/201901/31/c1c29169777f56680040fbaa980aa259.jpg,今天也是元气满满の少女哦
https://bbs.qn.img-space.com/201901/31/8765f32aab281adca03fb9e2e1c725dd.jpg,你是夏日里的小美好
https://bbs.qn.img-space.com/201901/30/78fe47993906d2b4b60909f7b8c10d10.jpg,一组小私房
https://bbs.qn.img-space.com/201901/30/f3060b9ed4f7c16c36281301de6bdf91.jpg,《芙蓉池》
https://bbs.qn.img-space.com/201901/30/585387e311b71c5056c63f492c08236a.jpg,泰和园之行
https://bbs.qn.img-space.com/201901/30/89de8210370770a775691fe358c26364.jpg,静谧的【夜】
https://bbs.qn.img-space.com/201901/30/237115a2630d983ad35ccd2e2dabe37e.jpg,梦の境あいうおかき
https://bbs.qn.img-space.com/201901/30/5aed6e29cf7ded943e86f43bb5dc1e5d.jpg,【 古 韵 沉 香 】............
https://bbs.qn.img-space.com/201901/30/5ff991213512723ee98e07e1da3c31ba.jpg,你说少年明媚如昨，怎知年少时光如梦
https://bbs.qn.img-space.com/201901/29/088eb69053cc2ef1f9a69b3ed3909cb5.jpg,属于自己的小时光-----------------------------------------25P
https://bbs.qn.img-space.com/201901/29/d3608d3aac3dea2ab4ecd1ebadd98aee.jpg,《北岛》——
https://bbs.qn.img-space.com/201901/29/fa88cf9244242704d02ada71b46084f0.jpg,一月的阳光  和我偶尔的休息日一样， 难得而可贵
https://bbs.qn.img-space.com/201901/29/405c702d3a72b922abeaab38e3c30159.jpg,【右视觉摄影】 江若琳 小年快乐！
https://bbs.qn.img-space.com/201901/29/f7fdd42dcbb36f68700996b2fd9df6b4.jpg,日系の小清新，EVEN
https://bbs.qn.img-space.com/201901/29/3dff6eaed0fded539079d8c49e96c7b5.jpg,#索尼微单1月影赛# 文艺小清新大理旅拍视频《送给自己一场旅行》
https://bbs.qn.img-space.com/201901/29/7423206070be3cfa08b1f56a0a72c68e.jpg,【加菲视觉】 —— 静
https://bbs.qn.img-space.com/201901/29/2ca5e49cb4f2d77b1c5d4dcb660f2ce5.jpg,元气·少女
https://bbs.qn.img-space.com/201901/29/eb551220ce3eedb9c1d42c256e82f87b.jpg,《曼珠沙华》
https://bbs.qn.img-space.com/201901/29/5c68e28c3cf83b46d3af49d4abc0c17e.jpg,菲菲的小清新，2019
https://bbs.qn.img-space.com/201901/28/a2f105c5891f83e5e0a50635c1ba6618.jpg,雅致の性感的小西服
https://bbs.qn.img-space.com/201901/28/228353b3f121680311bebba1b532cd69.jpg,楼兰姑娘试拍
https://bbs.qn.img-space.com/201901/28/17ff92be5a55e8bf9d20719e517bb5bf.jpg,荒芜的年代，寂寞的日子
https://bbs.qn.img-space.com/201901/28/5906d3ce7b93f3b82e3766dcc0e4f3c1.jpg,#索尼微单1月影赛# 彼岸花系列二
https://bbs.qn.img-space.com/201901/27/92fe1e091cccee3b190278246ac83f89.jpg,《似水年华》
https://bbs.qn.img-space.com/201901/27/339f753e5a1dff211b1222d7ab5268a9.jpg,魅影の艳，EVEN写真。
https://bbs.qn.img-space.com/201901/27/4a6dd4da22bf603fbcb4cedf71c36b79.jpg,周末，小清新の小性感。
https://bbs.qn.img-space.com/201901/27/49faee350dbf3529b913ed60ba346261.jpg,姑娘怪可爱
https://bbs.qn.img-space.com/201901/25/b49dffcbf7ccdef48c95becd06b1db6a.jpg,#索尼微单1月影赛# 逆光小清新
https://bbs.qn.img-space.com/201901/6/43de3a502756e4dc990a3391bf65ebaf.jpg,杏枫映火——汉服
https://bbs.qn.img-space.com/201901/6/c982b14d48670cb6c2aef87a5b1ff873.jpg,新人入门作品希望各位大师进来给我指点一下
https://bbs.qn.img-space.com/201901/5/7dc890b5bdb4f2f573a779c660eb5243.jpg,初冬人像一组
https://bbs.qn.img-space.com/201901/5/8308c56461fb6036aecd44fc1edff602.jpg,人像1901-5
https://bbs.qn.img-space.com/201901/5/9c50870d73ca1d619de94e6aa32fed34.jpg,回顾我的2018
https://bbs.qn.img-space.com/201901/5/46ca8173a3ed08eb1c86a54542964673.jpg,人像1901-4
https://bbs.qn.img-space.com/201901/5/7db8733c9b561056293fd9892c87edb4.jpg,#索尼微单1月影赛# 《 A colorful night》
https://bbs.qn.img-space.com/201901/4/e2167b930f30aaefe33a423c0b70acb8.jpg,小 性 感 072
https://bbs.qn.img-space.com/201901/4/9162a4b615fda80c32be7e41b33b3996.jpg,《绯·红》
https://bbs.qn.img-space.com/201901/4/cc36492625cb79fa229291e9bc79dc41.jpg,一个人面对这世界的残酷
https://bbs.qn.img-space.com/201901/4/cde96993ee858f9df42bea3d34a88620.jpg,人像1901-1
https://bbs.qn.img-space.com/201901/3/3452b4ea08d8a476d20007dd91f6a3b7.jpg,小 性 感 071
https://bbs.qn.img-space.com/201901/3/7004e577785119e99db950bdf5b4fb9c.jpg,中世纪美女
https://bbs.qn.img-space.com/201901/3/4fd7dfec04e99bbaf01ce626aa7541cc.jpg,小 性 感 070
https://bbs.qn.img-space.com/201901/3/70156e23664289b79221e052e592af16.jpg,~~~《和风少女》~~~MODEL：南言~~~
https://bbs.qn.img-space.com/201901/2/788786308d10d0ddeeabd1ee0e371788.jpg,2019广州萤火虫漫展day2 cos
https://bbs.qn.img-space.com/201901/2/0b31f66f2bfb8f0a1d6be6e5b3392d4d.jpg,一组室内轻婚纱
https://bbs.qn.img-space.com/201901/2/2c6102a0485affb2096e51559db750cd.jpg,海边人物风情
https://bbs.qn.img-space.com/201901/2/60466d751ecef7e06cb8f9e125051485.jpg,假装在沉睡
https://bbs.qn.img-space.com/201901/1/41526de204c0c331f3730c312d2c79d0.jpg,卖火柴的小女孩
https://bbs.qn.img-space.com/201901/1/d2fb630587ae6c4039b992e497698da6.jpg,时光-室内人像
https://bbs.qn.img-space.com/201901/1/736dc3d39e1f87c270f8040524be0a6e.jpg,ーー味来へーー
https://bbs.qn.img-space.com/201901/1/bfa61b018207edef5ab0c7a693fab185.jpg,复古情绪私房，新年第一帖——祝各位摄友新年快乐！
https://bbs.qn.img-space.com/201901/1/9ebe4335652fb5e8114ecebd94875b5a.jpg,给“刘涛”的一组随意街拍
https://bbs.qn.img-space.com/201901/13/698b1082c80e6f7398bd8a96b9336b11.jpg,影棚里拍人像
https://bbs.qn.img-space.com/201901/12/0d9077ad6f4f5eae75fea0968b7db04b.jpg,#索尼微单1月影赛# 天台性感吊带写真
https://bbs.qn.img-space.com/201901/12/bb332c69f3d501f91f4d86a45df6dbf4.jpg,【加菲视觉】 —— qian
https://bbs.qn.img-space.com/201901/12/17678550b920eec9efcecd22554d470c.jpg,【空灵の诱惑】
https://bbs.qn.img-space.com/201901/12/50f73c6310cd86bf0a179e25ce479e1f.jpg,《依旧如故》
https://bbs.qn.img-space.com/201901/11/0fb2377da2993ac7543096f4081a2974.jpg,又找出来几张，再发一贴
https://bbs.qn.img-space.com/201901/11/113b5a5d375f6959784bf85b7df992d2.jpg,《淑·梦》
https://bbs.qn.img-space.com/201901/10/4cfbde5f8bd22f0f284b293f890f1945.jpg,人像1901-22
https://bbs.qn.img-space.com/201901/10/d6c37a19824db1c5930909098f08d5b0.jpg,人像1901-16
https://bbs.qn.img-space.com/201901/10/00f95cbc33af008077693fe295811204.jpg,纱之魅 -- 光影视界 人像摄影
https://bbs.qn.img-space.com/201901/10/72f8273da12de5cbc27dfb4003b3c6c3.jpg,#索尼微单1月影赛# kate
https://bbs.qn.img-space.com/201901/10/d8910541890021a24f0091642c92c136.jpg,#索尼微单1月影赛# 【有映画】燃点
https://bbs.qn.img-space.com/201901/10/67848d9443f4f021a9b25b86be20a446.jpg,#索尼微单1月影赛# 【有映画】 心跳波波球
https://bbs.qn.img-space.com/201901/10/8103a90e13e59c9020911b080c75cced.jpg,《寒暮雪》
https://bbs.qn.img-space.com/201901/10/b1e515d346bfaf3243f37d51fa7f3e34.jpg,发图找存在感
https://bbs.qn.img-space.com/201901/10/3047672d8b6f73ae70ede6988f0a2965.jpg,小 性 感 073
https://bbs.qn.img-space.com/201901/10/9b8f5f82d2c31b5b10d258593e2920a7.jpg,一组外拍，
https://bbs.qn.img-space.com/201901/9/2a59b7463bd730c96d0f4ecc0f722b3b.jpg,人像1901-15
https://bbs.qn.img-space.com/201901/9/9da4140636f43d6fbeed71fe7c676e7e.jpg,#索尼微单1月影赛# 【迷冬】
https://bbs.qn.img-space.com/201901/9/e7089f456ad48c1b7f1d515b77e20501.jpg,天台上的小仙女——夜景烟花棒人像
https://bbs.qn.img-space.com/201901/9/2e84879ee6165dfa4b6265a18786c595.jpg,【右视觉摄影】 Simple 叶青
https://bbs.qn.img-space.com/201901/9/4a598484d963dce8e395fa2296e6d9ea.jpg,姐妹花，时光印记
https://bbs.qn.img-space.com/201901/9/97a022a54f1898f0b51d1a38fce09961.jpg,#索尼微单1月影赛# 柔软的时光
https://bbs.qn.img-space.com/201901/19/0b8ca636ceab200a973234355642df68.jpg,《伊娃摄影》早安
https://bbs.qn.img-space.com/201901/18/778d04523435e571a636683ff1caf109.jpg,初雪。。。。。
https://bbs.qn.img-space.com/201901/18/8404ef7e34d1b18faafeebeb4acac7c3.jpg,好久没有发片了发组人像后期
https://bbs.qn.img-space.com/201901/18/410aa3caa8f1d4fb861d7a552403333a.jpg,【风语者】
https://bbs.qn.img-space.com/201901/18/42e681f1d782cd2e84a1cdfbe46e2e49.jpg,冬日里，那一抹斜阳，仍旧温暖。
https://bbs.qn.img-space.com/201901/18/00d45e49ed96b6b09a3c5fb77a2029e7.jpg,【加菲视觉】 —— 倩倩
https://bbs.qn.img-space.com/201901/18/e19b41089bb1e0b73d63691f96abf8c4.jpg,#索尼微单1月影赛# 问佛
https://bbs.qn.img-space.com/201901/18/a8acd1c6b0a7e37da05ba0e78482e418.jpg,仿陈逸飞油画——民国女人
https://bbs.qn.img-space.com/201901/18/641eb525a0440b3885da958e537de81a.jpg,网红图书馆走一走
https://bbs.qn.img-space.com/201901/18/0392bd120315f88c17ad3d1081937fef.gif,赛博朋克2077
https://bbs.qn.img-space.com/201901/17/214afdc7cc2cb1a356a47af29c8ce637.jpg,人像190117
https://bbs.qn.img-space.com/201901/17/309d597043503cb09e4f59125621f0a3.jpg,#索尼微单1月影赛# DON`T TALK
https://bbs.qn.img-space.com/201901/17/01a04cb8dee7e96ce23f0cccb7c92766.jpg,旧时光是个美人
https://bbs.qn.img-space.com/201901/17/a0a83bfc0c4c3d489f480528f6494ec8.jpg,午后（私房写真）
https://bbs.qn.img-space.com/201901/17/bfae1716e82f1c8b6197cc3bc731076d.jpg,没有标题哇~
https://bbs.qn.img-space.com/201901/16/be027edfaf97fa4984ed8ef3e17c67b8.jpg,你是我最喜欢的短发姑娘
https://bbs.qn.img-space.com/201901/16/fa2e7b63f008ad7d6c334184f53ba4ad.jpg,#索尼微单1月影赛# 【菜々手摄影】外滩街拍一组
https://bbs.qn.img-space.com/201901/16/6a69f286805593203f14ed94e57fa954.jpg,老弄堂------------------------------------------------14P
https://bbs.qn.img-space.com/201901/16/1c5f7bb6b363b5d3926f1241f976d49d.jpg,有机会我把我的故事都讲给你听
https://bbs.qn.img-space.com/201901/16/e3133549518f493f564ca8d183bdc3e2.jpg,古风人像【广寒宫阙】
https://bbs.qn.img-space.com/201901/16/7d05c87127f2226fc22887741446c223.jpg,冬日的阳光，暖暖的。
https://bbs.qn.img-space.com/201901/16/b60cdf5ecc96c2cae9a0b04715fbe127.jpg,#索尼微单1月影赛# 晚到的圣诞节
https://bbs.qn.img-space.com/201901/16/30eb461a16c910a37a29dff443681949.jpg,-江-湖-梦-
https://bbs.qn.img-space.com/201901/16/226eab205ad87fb951433da422e2169d.jpg,暗香缘自寒梅
https://bbs.qn.img-space.com/201812/27/3e8c1fd5eb33ea9ea7944deaf7580535.jpg,《错失珍惜》
https://bbs.qn.img-space.com/201812/27/977f7b90bab67d1990d4d39b1bbaa3b4.jpg,冬日-室内人像
https://bbs.qn.img-space.com/201812/27/d30650c5a9e947490dfd1cb5aa71d17e.jpg,【右视觉摄影】马昕墨 像我这样的人
https://bbs.qn.img-space.com/201812/27/d992a778ef39030e2c5415f668d3208b.jpg,《时·常》
https://bbs.qn.img-space.com/201812/27/f065b41cc9c28b8fb3f5df1851ad55d3.jpg,愛の向こう
https://bbs.qn.img-space.com/201812/27/5febdba59497b4df2495a24b3fa8884a.jpg,「Ave Maria」
https://bbs.qn.img-space.com/201812/27/a38850fc2f81cec2a81a7909df1fd571.jpg,岁月如歌 奶奶
https://bbs.qn.img-space.com/201812/27/0644490a304eb47ad551fc841fefab00.jpg,#索尼微单12月影赛#  光之秘境
https://bbs.qn.img-space.com/201812/27/a50eb293dfa4eaba3e58b2f6683c62b1.jpg,在红配绿最有理的一天
https://bbs.qn.img-space.com/201812/27/c401de1962466098b6bfa2c48eb12b79.jpg,#索尼微单12月影赛# 彼岸花开
https://bbs.qn.img-space.com/201812/26/d2692a48f45352262491e96a6d539d50.jpg,あの年の海と君
https://bbs.qn.img-space.com/201812/26/8e981142b9efdd86f674a6ac3456a7be.jpg,【右视觉摄影】午后 阳光 慵懒的氧气女孩
https://bbs.qn.img-space.com/201812/26/e15c5aafda3b41b9963298cd7b6977e8.jpg,和服少女写真。
https://bbs.qn.img-space.com/201812/26/e46f1afa85ac716e3424ea84becd46d8.jpg,异国风情-俄罗斯小姐姐
https://bbs.qn.img-space.com/201812/26/968f5e9138b98d7f7e66456dd7608823.jpg,#索尼微单12月影赛# 临江仙
https://bbs.qn.img-space.com/201812/26/631dfb1efff9966704215d7e4bfe8ac7.jpg,古装人像—芈醉
https://bbs.qn.img-space.com/201812/26/de067914d1b8c646310d22b433f88f10.jpg,留守在雪乡
https://bbs.qn.img-space.com/201812/25/9b84a8b556939714cba96fdc4b0bbb98.jpg,《魅》-2018
https://bbs.qn.img-space.com/201812/25/9255191d9e87f1a036e36fcd362e185b.jpg,#索尼微单12月影赛# 【有映画】White Christmas
https://bbs.qn.img-space.com/201812/25/3458c6fabae007745a29425825419fac.jpg,#索尼微单12月影赛# 汉服人像一组
https://bbs.qn.img-space.com/201812/25/b5a8834833c1183ed6492fb25959092c.jpg,~圣诞快乐~
https://bbs.qn.img-space.com/201812/25/264fbc6a5ad5de4152871c7408e26f4c.jpg,誰かが何かを愛すること
https://bbs.qn.img-space.com/201812/25/281a46dce8a94cc0515104bf6abfc1ac.jpg,#索尼微单12月影赛# 在这个冬季
https://bbs.qn.img-space.com/201812/25/f37c7579333ec21eda47febc8cbd036c.jpg,圣诞恋歌-貂蝉 王者荣耀Cosplay
https://bbs.qn.img-space.com/201812/25/dd6bb3878ed7ffbbca69b77c188a9445.jpg,百花谷人像—美女欢欢
https://bbs.qn.img-space.com/201901/1/3fefe7e6a9e07aae46855c9c0050f0a3.jpg,2018摄影总结——踏出去的那一步
https://bbs.qn.img-space.com/201901/1/41f23897fc89577c5f42fe548b057791.jpg,2018摄影总结——踏出去的那一步
https://bbs.qn.img-space.com/201901/1/ae55b169054a429cb64e41fa7439eabe.jpg,《酷裂苍穹》
https://bbs.qn.img-space.com/201812/31/f2f8afc6e7a22cd40d3165559e59dc82.jpg,尼康黄----我的2018零碎记忆
https://bbs.qn.img-space.com/201812/31/1111a3774940acd8efe709253c044c13.jpg,blingbling
https://bbs.qn.img-space.com/201812/31/23828abc4bcfaa00ec86a304e4c76ea3.jpg,2018年的最后一个周六在咖啡店的黄昏下，恍惚而过
https://bbs.qn.img-space.com/201812/30/85f2b1739003c8ae2b3e88d36bc88392.jpg,大龙湖倩影
https://bbs.qn.img-space.com/201812/30/73d57102eb0b792c2f989a336739c2cd.jpg,大龙湖倩影
https://bbs.qn.img-space.com/201812/30/a5ee40f61652fcd92df2d930a4f1b5b1.jpg,#蜂鸟·我的2018影像回顾# 走过2018，迎接2019，右视觉2018寄语及作品集。
https://bbs.qn.img-space.com/201812/30/ea39aa2c3e37914da8d646f19607ef45.jpg,小 性 感 067
https://bbs.qn.img-space.com/201812/28/87ea61aafcbc152c2557c21be22cd077.jpg,拍妻党-幽林2（重修版）
https://bbs.qn.img-space.com/201812/28/3d91565f1526b7f86a2f5b4be593b9e5.jpg,【右视觉摄影】最美的期待
https://bbs.qn.img-space.com/201812/28/f981d7e6c6afee343306eef419242095.jpg,一组人与风光剪影
https://bbs.qn.img-space.com/201812/28/9e65715b5ff277965fc53328cb3543ec.jpg,乌克兰美女
https://bbs.qn.img-space.com/201812/28/cf66f7535e868a8fa2abc7707019aeee.jpg,【An eternally fervent heart】Dorothy·Z 2018
https://bbs.qn.img-space.com/201812/28/57a6a555897e529d575b77707b5d923e.jpg,风雪 驼影~
https://bbs.qn.img-space.com/201901/8/7f2f8994fa196153825e4d9deab7a087.jpg,#索尼微单1月影赛# ...沉溺...
https://bbs.qn.img-space.com/201901/8/3575e1d406db49c173034d3c7f30e1d8.jpg,《镜》沐风野作品
https://bbs.qn.img-space.com/201901/8/55494a4237f1a2c952281b741d185f02.jpg,【瓜瓜の缘】
https://bbs.qn.img-space.com/201901/8/cadf0fa501d8672440879322a6dd493d.jpg,千山暮雪 白夜行作品
https://bbs.qn.img-space.com/201901/8/2d3eb77738177c59954d917900d3662b.jpg,粉彩风~美美的记忆
https://bbs.qn.img-space.com/201901/8/e93d17cef9c8ab9efcb53517b614db04.jpg,小 清 新 013
https://bbs.qn.img-space.com/201901/8/b860f1dd49c07a71e68c01ab2595c109.jpg,【苏州约拍】云山深处有伊人
https://bbs.qn.img-space.com/201901/8/12ab7aa2b2ea53ff3355bcff9bab6fb3.jpg,卖火柴的女孩
https://bbs.qn.img-space.com/201901/8/c008622237bfcbb16f57e58518baef7c.jpg,跟着“酷玩”野一把，吃土之旅
https://bbs.qn.img-space.com/201901/8/c24e3d676252b4dbd81d90f4a925c941.jpg,私房小姐姐
https://bbs.qn.img-space.com/201901/7/12573917cb656b6e7748e677d9aa648e.jpg,昕舍的午后
https://bbs.qn.img-space.com/201901/7/a3021e5a49e74fd37371a0e63404e4e8.jpg,拍摄收工，黑背景配黑衣服是不是很酷！/
https://bbs.qn.img-space.com/201901/7/1b3475a8af700bc51b030d1155424ca1.jpg,【苏州约拍】夏天的一组片子
https://bbs.qn.img-space.com/201901/7/89648fd440ed48648e7a098115c3cb92.jpg,【苏州约拍】夏天的一组片子
https://bbs.qn.img-space.com/201901/7/ad9423374e734ca156a3fda4b9416c85.jpg,【登校日】
https://bbs.qn.img-space.com/201901/7/252bb73ac26333c86f7b7c9a79d5ea10.jpg,孤独的女人
https://bbs.qn.img-space.com/201901/7/86d92ec96a90a4ed5917ba269c768444.jpg,武装JK-少女突击
https://bbs.qn.img-space.com/201901/25/9866960e912fc60cc774d0da762d78ce.jpg,午后暖暖少女
https://bbs.qn.img-space.com/201901/25/76aa7859449078872d1b8ea46c3c29aa.jpg,这些不算尺度太大吧，看看会不会删贴
https://bbs.qn.img-space.com/201901/25/7092852b19a888094988969d3e2b4d64.jpg,《逝水流年》
https://bbs.qn.img-space.com/201901/24/63a7f7d41581f578d6a62cc5c2df57b4.jpg,#索尼微单1月影赛# 与快女歌手潘辰相约法国三峡谷雪场（内含视频） 幻影骑士作品
https://bbs.qn.img-space.com/201901/24/209fc98ea9f72332f8e9b8b18afa7593.jpg,#索尼微单1月影赛# 追忆重庆森林
https://bbs.qn.img-space.com/201901/24/740dddd04135d89143bb27bb40ca542f.jpg,午后の时光，小清新。
https://bbs.qn.img-space.com/201901/24/eee4025afa0aba81ed10c3a8b88f5910.jpg,向黑白经典致敬
https://bbs.qn.img-space.com/201901/24/cb7939c6098dbfae7b5bd1e630544ed2.jpg,向黑白经典致敬
https://bbs.qn.img-space.com/201901/24/aeb84b6f42bc917eacd7d852920e913b.jpg,暖暖的光影-郭婷婷
https://bbs.qn.img-space.com/201901/24/7b4289ab08de2d8995fb19d42301deb2.jpg,来了个天使
https://bbs.qn.img-space.com/201901/24/11c626d9726910ceafedda27025b5914.jpg,一个人的舞台
https://bbs.qn.img-space.com/201901/23/6bcc48b3b0c4820f083c6a5f86659fd6.jpg,【灰色蝴蝶结】
https://bbs.qn.img-space.com/201901/23/4e0eb91ba2278ec9300c8c27f82acb2e.jpg,绝地求生·刺激战场
https://bbs.qn.img-space.com/201901/23/9639707cebd583efb920f65d5f8c268f.jpg,【韵味•新禧红】
https://bbs.qn.img-space.com/201901/23/289e16c3881e0402052060711c625061.jpg,#索尼微单1月影赛# 2019第一拍《西餐馆》
https://bbs.qn.img-space.com/201901/23/83f74f5f9ebb8236a8b7ea905e0ea75a.jpg,黄蓝紫，晕染你的形体美。
https://bbs.qn.img-space.com/201901/23/243f1648f9b5cae9f2e011765e96c2d3.jpg,#索尼微单1月影赛# 人像 | 你是我的虚荣
https://bbs.qn.img-space.com/201901/22/7414454eb3842411cb85b5a73765f008.jpg,（自我 酷）ins风
https://bbs.qn.img-space.com/201901/22/2745da19575e642863ef3655adcd210f.jpg,《那里花开》
https://bbs.qn.img-space.com/201901/22/b6b43552feae365ca96700c78a017fd7.jpg,【右视觉摄影】 孙敬媛 暖色诱惑
https://bbs.qn.img-space.com/201901/22/b7e058f4ae806db456743196dedf4791.jpg,#索尼微单1月影赛# 《油纸伞、易江南》带着A7RM3拍摄古镇民族风
https://bbs.qn.img-space.com/201901/22/3abb9909368304f00640b158da864029.jpg,#索尼微单1月影赛# 落雪红梅
https://bbs.qn.img-space.com/201901/22/f1e860cc134e81787252d955d9a6aac3.jpg,#索尼微单1月影赛# 你的纱，是一整个暖冬~A7RM3广州老街行摄记
https://bbs.qn.img-space.com/201901/22/dfeb02500bb12ffee522a33145654536.jpg,【北京风云】一组室内高感美女情绪片，粉色基调。。。
https://bbs.qn.img-space.com/201901/22/d099577901be6ed6aa40e6dd06f52cfc.jpg,人像光绘習作
https://bbs.qn.img-space.com/201901/22/3d5ef5fdaf3034cae7444a040def7a79.jpg,yellow，小性感
https://bbs.qn.img-space.com/201901/15/e2c11783bb4cecdbc1d5d312a42b2c73.jpg,【右视觉摄影】诗间暖光 暖冬阳光女孩
https://bbs.qn.img-space.com/201901/15/448bf59cd18afcf07dc3b9e5d896ec5c.jpg,#索尼微单1月影赛# Твои глаза
https://bbs.qn.img-space.com/201901/15/6db9a0ae0960afc390bd521dd6b25a38.jpg,【加菲视觉】 —— 史雨
https://bbs.qn.img-space.com/201901/15/6a7b0e3b7df53f80fedd595d13cc00af.jpg,初雪の中でほほえんだ少女
https://bbs.qn.img-space.com/201901/15/87543c48566014f6936293a4e298e812.jpg,Long time ago
https://bbs.qn.img-space.com/201901/15/bb28ab54f49d1a0bcece3a01a12b9e1e.jpg,《舞动乾坤》
https://bbs.qn.img-space.com/201901/14/87392c978bd76cb51c49e0e87a33693d.jpg,#索尼微单1月影赛# ...意乱...
https://bbs.qn.img-space.com/201901/14/b22e32c9672a313f0e3b982d67b59619.jpg,《Red Fantasy》
https://bbs.qn.img-space.com/201901/14/a89ad2a78fa94a4bc51625d4100e53e8.jpg,《幸福梦中》
https://bbs.qn.img-space.com/201901/14/65a68e35bab9c6fc71d86d0de8b77491.jpg,【晓波出品】眼里眉间
https://bbs.qn.img-space.com/201901/14/198d760f7aec823889ddcefe17cf5188.jpg,迪拜·沙漠创作
https://bbs.qn.img-space.com/201901/13/53d98e09186c95a6ae2eeee5f775e64a.jpg,#索尼微单1月影赛# 2018年的初雪（12p）摄影：杨雨薇
https://bbs.qn.img-space.com/201901/13/8410e8cf762c21b9fc93f6d2ef9ff962.jpg,#索尼微单1月影赛# 森系，带点儿小情绪
https://bbs.qn.img-space.com/201901/13/43dad7b81f8dcfcd99e3a476e10bcf6f.jpg,小 清 新 014
https://bbs.qn.img-space.com/201901/13/9ce3d26925ee5b5042c0484826402465.jpg,小 性 感 074
https://bbs.qn.img-space.com/201901/13/43c1ed8b2d22ff3ef6e82a099e957cde.jpg,#索尼微单1月影赛# 时尚民族风
https://bbs.qn.img-space.com/201812/24/82b16feaa29a4c788d59bf3ccec8d726.jpg,那天下雨了
https://bbs.qn.img-space.com/201812/24/44f4e8f2e3759fb28c4b6581705893a9.jpg,#索尼微单12月影赛# 2018圣诞节写真 #拍妻党# 10P
https://bbs.qn.img-space.com/201812/24/e5ff9ebc9911017ad8d9726f9fbcac1d.jpg,圣诞快乐 白夜行作品
https://bbs.qn.img-space.com/201812/24/851f8fe66bcb572c83ad66621639f1a0.jpg,红色的系列
https://bbs.qn.img-space.com/201812/24/c997d172f7b4d105274b3034195a2f0a.jpg,漂亮的卓玛姑娘
https://bbs.qn.img-space.com/201812/24/061244178df14599a0de430fe3171ecb.jpg,#索尼微单12月影赛# 圣诞少女
https://bbs.qn.img-space.com/201812/24/49e5cb6daeacb1a68a9ab7a99732ce54.jpg,圣诞节的那天
https://bbs.qn.img-space.com/201812/24/596182d0c8558acf2f7d7fc485a780bf.jpg,～～～《圣诞》～～～第二季九连拍加几张暗光～～～
https://bbs.qn.img-space.com/201812/24/09b1d2a0091842f00bd20e5491250fe4.jpg,～～～《圣诞》～～～第二季九连拍加几张暗光～～～
https://bbs.qn.img-space.com/201812/24/d35dfef590670db19101f8d8405f7a0d.jpg,～～～《圣诞》～～～第二季九连拍加几张暗光～～～
https://bbs.qn.img-space.com/201812/23/1ee6e6708d9493c1c1e680d03b33abc5.jpg,你是千堆雪，我是长街
https://bbs.qn.img-space.com/201812/23/3bc1acb1d7a271299d18cfc35ef45cee.jpg,『旧城日记·上』
https://bbs.qn.img-space.com/201812/23/bce86fce92cb7cff14c3ced3ea955e56.jpg,#索尼微单12月影赛# ~~~《圣诞快乐》~~~MODEL:粉红顽皮豹~~~
https://bbs.qn.img-space.com/201812/23/52502fd27dce8f7f5c828fd63e44a7ef.jpg,【Jingle Bells】
https://bbs.qn.img-space.com/201812/22/d720343f6e069404306ced2f3011e132.jpg,#索尼微单12月影赛# 私房
https://bbs.qn.img-space.com/201812/21/a404e8475b4b0c575f14954fa74b8a8b.jpg,小性感一组
https://bbs.qn.img-space.com/201812/21/810b8fe85ff8fb02924c4914b24170f3.jpg,照骗大师养成记，超市里的女神拍摄计划
https://bbs.qn.img-space.com/201812/21/afcf056315fb2a4fb4ab0746fd149e6b.jpg,曾幻想过永恒
https://bbs.qn.img-space.com/201812/21/929d7b222888241cffdb6d654f8489b8.jpg,圣诞节的礼物
https://bbs.qn.img-space.com/201812/20/284de90e06bee613340083851c6c9fd3.jpg,初冬汉服人像
https://bbs.qn.img-space.com/201812/20/ae99a1bb739a343f289dc9963955fa03.jpg,《亦真如幻》
https://bbs.qn.img-space.com/201812/20/fbf569eb295e75ccf817a182b510f17d.jpg,小小圣诞夜
https://bbs.qn.img-space.com/201812/20/735e843754ce3f1a07a12d258dc090e3.jpg,花が咲いている
https://bbs.qn.img-space.com/201812/20/4edc2c12fbbdf51e8936fb8953b6174c.jpg,来点生活感
https://bbs.qn.img-space.com/201812/20/ff3f3c2e3246fc92bd34800e92df9ed2.jpg,小 性 感 060
https://bbs.qn.img-space.com/201812/20/e5ecffa18b1802ddd632b6ea88101f55.jpg,《奢靡都市》
https://bbs.qn.img-space.com/201812/19/6664f9043f35ea377ffa1d980c24c002.jpg,【右视觉摄影】白月光
https://bbs.qn.img-space.com/201812/19/89a9125b9dac717ab64b0d19aa031f6b.jpg,花样年华[假面摄影]
https://bbs.qn.img-space.com/201812/19/62c0baa6b58f49f71171b32e5dc30e7d.jpg,小清新风格
https://bbs.qn.img-space.com/201812/19/324c8cf53a4901f12d8170e1f3da80c0.jpg,#索尼微单12月影赛# 宅女小D的一天
https://bbs.qn.img-space.com/201812/19/8f875cdd9751610731e201f74cde9195.jpg,龙老五【视觉】荷花仙子
https://bbs.qn.img-space.com/201812/19/135ea77cc0050191ff62b1945209e9e5.jpg,【民国女人】
https://bbs.qn.img-space.com/201812/19/08e565b29e6c15c70c3c42947f55d40f.jpg,小 清 新 011
https://bbs.qn.img-space.com/201812/19/8705f53e43fe45afa2002f6ee08cb01d.jpg,小 清 新 010
https://bbs.qn.img-space.com/201812/18/aa71e759b61d575b6dca03ee6aa75ce0.jpg,青海旅行的小姐姐
https://bbs.qn.img-space.com/201812/18/e71e2e800a7bb7df19638a4131c41c9a.jpg,一杯咖啡，一份忘不了的情，冬日私房
https://bbs.qn.img-space.com/201812/18/973de9461cb7dd8fe8e0f03ffa7c21f5.jpg,不期而遇的发现
https://bbs.qn.img-space.com/201812/18/79d6e72859bed934d7321b7914fa61ef.jpg,辛德瑞拉 2
https://bbs.qn.img-space.com/201812/17/1e64ba3f2dd5d40d44ef5f73a450c94a.jpg,【右视觉摄影】女生日记
https://bbs.qn.img-space.com/201812/17/663cff50fb4adae1ed946a7aadeb793b.jpg,YUKI的圣诞节
https://bbs.qn.img-space.com/201812/14/499445060756064bc7df489948d04803.jpg,#索尼微单12月影赛# 枫林晚
https://bbs.qn.img-space.com/201812/14/8c48d78adbe9c4344cf32a93ae2621ab.jpg,那一天曾像见
https://bbs.qn.img-space.com/201812/14/41539c7067b086f7a107511205d2fd77.jpg,那一天曾像见
https://bbs.qn.img-space.com/201812/14/57416c95e6df7bd4f8259f2daeda04d2.jpg,【黑白系商业人像】Dorothy·Z 2018
https://bbs.qn.img-space.com/201812/14/61f7bde7ff19f90436eb49defd70997b.jpg,两只小可爱
https://bbs.qn.img-space.com/201812/13/c333ad89e11a586f802748f22f72856f.jpg,青い空の鯉のぼり
https://bbs.qn.img-space.com/201812/13/8c0342030b220e7c9d7865ede6eac751.jpg,#索尼微单12月影赛# “君の名は”
https://bbs.qn.img-space.com/201812/13/41af61150b16143321330b4b773b8a7a.jpg,『Your princess dream』
https://bbs.qn.img-space.com/201812/13/8f76d0bcd471aed79cbe1383329d9572.jpg,桌美年会人像随拍
https://bbs.qn.img-space.com/201812/13/e92746d53aa5c65543b7ef2f5f1357d7.jpg,街拍小清新
https://bbs.qn.img-space.com/201812/12/57e1fd321f05fbe4c705f060d545aee1.jpg,老城旧事--通江路口的裁缝
https://bbs.qn.img-space.com/201812/12/a13aab98f4653dd616de3edb5e425941.jpg,【广州摄影】偷偷告诉你圣诞小姐姐来啦
https://bbs.qn.img-space.com/201812/12/66dce3544f090e120df79c2a2c3df7f1.jpg,【广州摄影】偷偷告诉你圣诞小姐姐来啦
https://bbs.qn.img-space.com/201812/12/8608fa1bf38fefd63f659b9f463efc50.jpg,纷纷暮雪下辕门
https://bbs.qn.img-space.com/201812/12/cc5317dd175f5b510f34f7bba41cbdb6.jpg,路边小酒馆
https://bbs.qn.img-space.com/201812/12/4dfd520dc16a2a58406c74f1b503a283.jpg,一个深秋的下午
https://bbs.qn.img-space.com/201812/12/4be5ef7f58eaffefe00022c62b7ebfbc.jpg,花里的时光
https://bbs.qn.img-space.com/201812/12/e15b0e9c424a3d686016370097178f98.jpg,嫁给爱情 应该就是酱紫
https://bbs.qn.img-space.com/201812/11/b81da0f92a387cd7d6423f77125da5e9.jpg,小 清 新 08
https://bbs.qn.img-space.com/201812/11/ed341b420633311e5d2a3ab30b42a105.jpg,小性 感 052
https://bbs.qn.img-space.com/201812/11/4f7956d86f82eaed5f8efe64a1e1a413.jpg,圣诞快乐，来个圣诞主题
https://bbs.qn.img-space.com/201812/11/c2c0a50b5f52c7ea9e58cb18ec156a46.jpg,#索尼微单12月影赛# 带着A7RM3，在旺角街头寻找复古港味
https://bbs.qn.img-space.com/201812/11/9ab5ca79e3f9ec6ec0d455ca94ccabe3.jpg,#索尼微单12月影赛# 带着A7RM3，在旺角街头寻找复古港味
https://bbs.qn.img-space.com/201901/22/9f696ce355ff3a00cdb013f3ab896493.jpg,如奶油般的光，透着你的小性感。
https://bbs.qn.img-space.com/201901/22/368fc3c04a302b4f0ebbced9bea9265f.jpg,给我一杯酒，再给我一支烟
https://bbs.qn.img-space.com/201901/21/e3c133b24ccd75c314f083b25c718709.jpg,领家女孩的闺房
https://bbs.qn.img-space.com/201901/21/a7eced38b969fd0031de7efce9da053b.jpg,花瓣浴睡美人
https://bbs.qn.img-space.com/201901/21/371d0c16d2f0fbffe13fdce333bad851.jpg,【Soak up the sun ！】Dorothy·Z 2018
https://bbs.qn.img-space.com/201901/20/1b71c4853d215b33818c09409ba78b12.jpg,《遥·望》
https://bbs.qn.img-space.com/201901/20/b42b7fb6accc091ea326f9ff7bbbd40c.jpg,#索尼微单1月影赛# 小树林 白夜行作品
https://bbs.qn.img-space.com/201901/20/4606a77ceb3cf8445aad8c0d0f11c2ee.jpg,#索尼微单1月影赛# 森林性感写真
https://bbs.qn.img-space.com/201901/20/83debb059be79d2fafa4658812077481.jpg,十八岁的年级，女孩青春美好的肉体，还有什么是比这更美好的记忆？
https://bbs.qn.img-space.com/201901/20/ba624244af88047422c01ec7de4650e7.jpg,#索尼微单1月影赛# 旺角黑夜- 索尼A9拍摄浴衣少女
https://bbs.qn.img-space.com/201901/20/ad07fbb89e4f4b8a442319b8fd78a0e1.jpg,无题----------------------
https://bbs.qn.img-space.com/201901/20/ae874a0800efabdd83d195801474301d.jpg,ins风格夜拍
https://bbs.qn.img-space.com/201901/19/88b7b6a262e516f099f9d3eca91ca562.jpg,午后の时光
https://bbs.qn.img-space.com/201901/19/8656d86ee0c478f57d85677ed3749e5d.jpg,#索尼微单1月影赛# 冬日暖阳
https://bbs.qn.img-space.com/201812/17/31d00c4ab420f842cd522543b4115ec1.jpg,冬天里的温暖
https://bbs.qn.img-space.com/201812/17/40cc0fe0c82b65afa407f52a863c999b.jpg,辛德瑞拉 第一部份
https://bbs.qn.img-space.com/201812/17/a1166a193ee57d63839e5389da03bdc9.jpg,回顾夏日，入门日系
https://bbs.qn.img-space.com/201812/16/cfa1eaa8192919c869ad5710831beb28.jpg,#索尼微单12月影赛# 2018.12.15在IKEA里拍的一组圣诞人像PP——Merry Christmas！
https://bbs.qn.img-space.com/201812/16/e41d2071b5185476d6cd8885fbf4671d.jpg,小 性 感 055
https://bbs.qn.img-space.com/201812/16/cc9b7432b3362a0aa510a854ec3be026.jpg,小 性 感 054
https://bbs.qn.img-space.com/201812/16/42a03f68c0cef4e3d08433305feaf34e.jpg,瘾君子 | David Tesinsky
https://bbs.qn.img-space.com/201812/16/46bd1376aa9ec058bcb89aa2574fc7ab.jpg,白茶清欢无别事 我在等风也等你
https://bbs.qn.img-space.com/201812/16/235e18cb828c6b9aa1c5ed8ca69a80b5.jpg,#索尼微单12月影赛# 【柠檬少女】带着索尼A7RM3给软妹子拍小清新私房
https://bbs.qn.img-space.com/201812/16/5dbe90b9e42e3cf04f0f8ffdbf996ab3.jpg,#索尼微单12月影赛# 灰姑娘-依旧简单摄影
https://bbs.qn.img-space.com/201812/15/097e99ba22e770bb9a4f7c07bfd7e0ab.jpg,#索尼微单12月影赛# ——舞蹈女孩——
https://bbs.qn.img-space.com/201812/15/134f231311be67b98878237f2e4beb83.jpg,小鹿的圣诞节
https://bbs.qn.img-space.com/201812/14/f7e3c604fde6037c414aa8f0da1b06a4.jpg,韩国性感篇章（第一次的拍摄） 2016.09.16.
https://bbs.qn.img-space.com/201812/14/d390fd13d94b5b37c6f2649075d7ea74.jpg,冬日—春光
https://bbs.qn.img-space.com/201812/14/e938bc80b6392fa761382a0752f2bdef.jpg,冬日—春光
https://bbs.qn.img-space.com/201812/11/0e898a47efd9e322c3e1428c5dcb10ea.jpg,花魁娘子--风华绝代
https://bbs.qn.img-space.com/201812/11/d073279e33e0072fb00591149b14ceb0.jpg,这不是死库水
https://bbs.qn.img-space.com/201812/11/2ca375da4d2e4edd105757a6527678de.jpg,#索尼微单12月影赛#  灰色毛衣
https://bbs.qn.img-space.com/201812/11/779b3860ea52e08fb39d698f6f61fe4a.jpg,旋转木马少女心
https://bbs.qn.img-space.com/201812/11/606e40225a634f41d4e9a3d2753cd4dd.jpg,多云转晴。
https://bbs.qn.img-space.com/201812/11/a9c9b28667730bba82fd9e21102d08f7.jpg,糖果屋的少女
https://bbs.qn.img-space.com/201812/10/7e02464b3de73f365f522d20d0645617.jpg,我想每日挽着同样的手臂
https://bbs.qn.img-space.com/201812/10/7ba31c6ed8dedac7796fa1d60fb53a30.jpg,#索尼微单12月影赛# LAST LIGHT
https://bbs.qn.img-space.com/201812/10/d111850153cbb70897ad1011b555e893.jpg,【右视觉摄影】月影物语
https://bbs.qn.img-space.com/201812/10/e517e81707da74aef201826cd5986590.jpg,人像摄影---廖
https://bbs.qn.img-space.com/201812/10/ac4166e3ec13f8d25f08cec77a5c9913.jpg,#索尼微单12月影赛# 孤独患者
https://bbs.qn.img-space.com/201812/10/41825483a3d090660a7cd228cfdb19bc.jpg,玉容.梨花落
https://bbs.qn.img-space.com/201812/10/67c69dbcc9e13c70e111ff9fb70c322c.jpg,玉容.梨花落
https://bbs.qn.img-space.com/201812/10/5246b7952c650b3b1830ef52e360a7fc.jpg,生活乐章----嵩山好来屋
https://bbs.qn.img-space.com/201812/10/5fe45100e6cdcb753e7df808e140f97e.jpg,莱拉映画照出你的美
https://bbs.qn.img-space.com/201812/10/c2b203031dacc8e29a5ecfcfd7e67974.jpg,2018.12.8小凤凰古镇
https://bbs.qn.img-space.com/201812/10/d449b07da6d597d2fa0c15553d383ddb.jpg,数码相机的胶片味，浅谈索尼微单A7RM3的后期处理
https://bbs.qn.img-space.com/201812/10/76c43f999137daf6d67d29aeac007c67.jpg,#索尼微单12月影赛# 时光清浅，有女儿相伴
https://bbs.qn.img-space.com/201812/9/55f34e0d737e8cbb8c6cb38e97620776.jpg,冷-依旧简单摄影
https://bbs.qn.img-space.com/201812/9/facfbdf90b9c9930f5493fe947bdb49c.jpg,冷-依旧简单摄影
https://bbs.qn.img-space.com/201812/9/3e3cd110d980bf3b36d10dce57ab1966.jpg,夜，太，美
https://bbs.qn.img-space.com/201812/8/f193d21692897dae7518b6c45d9e4ee3.jpg,#索尼微单12月影赛# 桃子
https://bbs.qn.img-space.com/201812/8/468721d07e9b70848fbb2f2da94983ee.jpg,#索尼微单12月影赛# 轻私房
https://bbs.qn.img-space.com/201812/8/e4d759ae57a35d46866e46264b82c74a.jpg,广州的冬季，再穿上泳装吧
https://bbs.qn.img-space.com/201812/7/3f6fa60200c76e7e3817b2c71baa0ec5.jpg,【右视觉摄影】红
https://bbs.qn.img-space.com/201812/7/b9aac2547bc0f22e99164df772e94fca.jpg,【有映画】告白两三事
https://bbs.qn.img-space.com/201812/7/b06d520af52356d12fc6e206468b6257.jpg,『等妳下课』
https://bbs.qn.img-space.com/201812/7/fff45b307c12c4cd001059a573264067.jpg,复古港风小性感
https://bbs.qn.img-space.com/201812/6/11fb1553681c75ed3a9e7afd13a2cadc.jpg,《幻影之祭》
https://bbs.qn.img-space.com/201812/6/c8b72c34a8d9733e1372917266fdba3c.jpg,青衣情结之钰婷
https://bbs.qn.img-space.com/201812/6/3e977b673b1a74afecb8682877c25ff3.jpg,少年侠骨看浩荡
https://bbs.qn.img-space.com/201812/5/05b4c4eabbb53239e8759e3f2ec89a4a.jpg,《羽仙歌》不可说摄影作品
https://bbs.qn.img-space.com/201812/5/d9e7d2a1ed5e4756f02afbfa36948cbb.jpg,介于色之间
https://bbs.qn.img-space.com/201812/5/8c53cce15ab4a9b7bcd227ce4f9b3f60.jpg,..白雪姬..
https://bbs.qn.img-space.com/201812/5/c4467fc5908fc439c032b3bbbd95c8fc.jpg,《暮·华》
https://bbs.qn.img-space.com/201812/5/74c0b62e7d9977c8395fd51f0d3cd029.jpg,『迷失中环』
https://bbs.qn.img-space.com/201812/5/158141270ab1a7007a463331282cf6dc.jpg,兰有秀兮菊有芳
https://bbs.qn.img-space.com/201812/5/d759825a4784a60386871d41f89d9ae4.jpg,恶女花魁 （环境人像日常作业）
https://bbs.qn.img-space.com/201812/5/0f4a9da2de0198bcd2ab260b4ffec430.jpg,［That Girl ］
https://bbs.qn.img-space.com/201812/5/ddcdf4a491a4e2a590ec5246533fcb91.jpg,《和·枫》
https://bbs.qn.img-space.com/201812/4/9d95e0b4f510c22121f49d93342245bb.jpg,2018.12.4东郊记忆
https://bbs.qn.img-space.com/201812/4/21ebff79dea7c1bbbed8510e2a90df75.jpg,圣诞女郎第一季
https://bbs.qn.img-space.com/201812/4/89333b7b08ce14426e0b363594cb0873.jpg,浪漫白色少女
https://bbs.qn.img-space.com/201812/4/ec359be3deadc97de57c2d55dcbf25f6.jpg,暖阳-依旧简单摄影
https://bbs.qn.img-space.com/201812/4/073e9745c0d5799c42dca88648f20bf8.jpg,"暖暖的阳光, 金黄的杏叶"
https://bbs.qn.img-space.com/201812/4/bf037f54869ad9d46d5c9047844485f3.jpg,风云初乍起
https://bbs.qn.img-space.com/201812/4/bc9b29594190686c4d4828edaf7a423a.jpg,阳光照耀在你脸颊的时候
https://bbs.qn.img-space.com/201812/4/44ca6e40c96cf50d861c18bffda8d8f2.jpg,嫣红  白夜行作品
https://bbs.qn.img-space.com/201812/4/fc1e337320d769c1b5b1d67c167bec6c.jpg,圣诞兔女郎
https://bbs.qn.img-space.com/201812/3/b97f82b505e20c76a4a2c7240ff0bed8.jpg,森系人像摄影
https://bbs.qn.img-space.com/201812/3/2c35c6c2ae7568f6c5b949e90a4aef26.jpg,约秋天小姐姐
https://bbs.qn.img-space.com/201812/3/a57a7de3c969c3b2e4f97646e18095f8.jpg,待我长发及腰时
https://bbs.qn.img-space.com/201812/3/c90c431a78055e69d951e236d02ff329.jpg,一组情绪片
https://bbs.qn.img-space.com/201812/2/93844c14aa7d8815543cef29771efdc6.jpg,深業上城光影街拍
https://bbs.qn.img-space.com/201812/2/02836f740231de21838afa2ec7f34b4a.jpg,秋天的小麦
https://bbs.qn.img-space.com/201812/2/614e61a935613ea05ef997b9cc518a62.jpg,璐璐 黑 白
https://bbs.qn.img-space.com/201812/2/57201f78d07c602a36d4e7cb12f56a86.jpg,【北京风云】妩媚的圣诞美女，一组暗光室内人像。。。
